"Wavelength, nm",Intensity
136.44237175216523,3.9633191485478325e-26
136.53333333333333,4.078994568680505e-26
136.62441627751835,4.4477651815967457e-26
136.71562082777035,5.670144125660123e-26
136.80694722778892,6.397770837585041e-26
136.89839572192514,7.717255386662452e-26
136.98996655518394,9.689466121522673e-26
137.08165997322624,9.850301474172487e-26
137.17347622237108,1.933187245617992e-25
137.26541554959786,2.172956303175919e-24
137.35747820254863,1.1635960964542287e-23
137.4496644295302,9.535234756276483e-23
137.54197447951645,5.431520076392372e-22
137.63440860215053,2.0818342114983433e-21
137.72696704774717,6.738369287353076e-21
137.81965006729476,1.993169089616108e-20
137.9124579124579,5.662828321557285e-20
138.0053908355795,1.662456389440054e-19
138.09844908968307,4.654726130167642e-19
138.19163292847506,1.08765520442584e-18
138.28494260634707,2.075800137995015e-18
138.37837837837836,3.418361439634331e-18
138.47194050033806,4.964603919604707e-18
138.5656292286874,6.571931776511425e-18
138.65944482058225,8.885036560909875e-18
138.75338753387533,1.2935340685354862e-17
138.84745762711862,1.8592086306797505e-17
138.94165535956583,2.5024537146015004e-17
139.03598099117448,3.274721332800006e-17
139.1304347826087,4.290044437236271e-17
139.22501699524133,5.408293099243147e-17
139.31972789115645,6.12440081809941e-17
139.4145677331518,6.128923938019489e-17
139.50953678474113,5.57971304707947e-17
139.60463531015677,4.6137077059114766e-17
139.69986357435198,3.446767429913411e-17
139.79522184300342,2.376040749892156e-17
139.89071038251367,1.5421947494039558e-17
139.98632946001365,1.0928191398970976e-17
140.08207934336525,1.342622895870126e-17
140.17796030116358,2.976494426982149e-17
140.27397260273972,6.751572230002828e-17
140.37011651816314,1.180555655102388e-16
140.46639231824417,1.5063524189020755e-16
140.56280027453673,1.2797376876306102e-16
140.65934065934067,6.563074130923249e-17
140.75601374570448,6.147756886204579e-17
140.85281980742778,2.4976116857584715e-16
140.949759119064,6.674684841620495e-16
141.04683195592284,1.240467320229782e-15
141.14403859407307,2.0890105546741917e-15
141.24137931034483,3.8399315072514246e-15
141.33885438233264,7.864180013128776e-15
141.4364640883978,1.668515639438414e-14
141.53420870767104,3.385800678241858e-14
141.6320885200553,6.252921253862365e-14
141.73010380622836,1.0543863782831024e-13
141.8282548476454,1.6875368792496472e-13
141.92654192654192,2.6884836398924946e-13
142.0249653259362,4.3630446565149676e-13
142.1235253296322,7.094478012563697e-13
142.22222222222223,1.1321805951435722e-12
142.32105628908963,1.7660853391875637e-12
142.42002781641168,2.6913141559827063e-12
142.51913709116212,3.993341532183275e-12
142.6183844011142,5.760383974794092e-12
142.7177700348432,8.12090239494407e-12
142.81729428172943,1.1327366979176946e-11
142.91695743196092,1.5787708292222176e-11
143.0167597765363,2.205696666647728e-11
143.11670160726763,3.089252821828423e-11
143.21678321678323,4.330045687664456e-11
143.31700489853043,6.089340785628289e-11
143.4173669467787,8.674207132441879e-11
143.5178696566223,1.2565942093538523e-10
143.61851332398317,1.841701656703327e-10
143.71929824561403,2.7210460046147506e-10
143.8202247191011,4.0459766442384e-10
143.92129304286718,6.028136736695701e-10
144.0225035161744,8.964098802751081e-10
144.12385643912737,1.327557622012132e-09
144.22535211267606,1.953008380620915e-09
144.32699083861874,2.8477201381909163e-09
144.42877291960508,4.108818592454061e-09
144.530698659139,5.849098807688165e-09
144.6327683615819,8.191771349639899e-09
144.73498233215545,1.1289374035357094e-08
144.83734087694484,1.5328872896352787e-08
144.9398443029016,2.050476998306084e-08
145.04249291784703,2.70534993438684e-08
145.14528703047483,3.526020259350332e-08
145.24822695035462,4.534049254686051e-08
145.35131298793468,5.760810193053307e-08
145.45454545454544,7.270213319718567e-08
145.55792466240226,9.119963780355394e-08
145.66145092460883,1.1393494811341173e-07
145.76512455516016,1.4304351516602694e-07
145.86894586894587,1.8104060119802936e-07
145.9729151817534,2.3088614289289754e-07
146.07703281027102,2.9907983175237715e-07
146.18129907209135,3.938745428596943e-07
146.28571428571428,5.233668840484976e-07
146.39027877055037,7.030731365368285e-07
146.49499284692416,9.531303412757689e-07
146.59985683607732,1.2887505189005725e-06
146.7048710601719,1.7376530419979324e-06
146.8100358422939,2.340763702419915e-06
146.91535150645623,3.1187256508237933e-06
147.0208183776023,4.104315629373873e-06
147.1264367816092,5.36662231939886e-06
147.23220704529115,6.907168934285643e-06
147.33812949640287,8.691016970933256e-06
147.4442044636429,1.0822151839396493e-05
147.55043227665706,1.3385161559828771e-05
147.6568132660418,1.6264590563828514e-05
147.76334776334778,1.944646927808653e-05
147.87003610108303,2.303883396840485e-05
147.97687861271675,2.7035537651718507e-05
148.08387563268258,3.17988096039236e-05
148.19102749638205,3.7783365959761424e-05
148.29833454018825,4.4184016375060266e-05
148.40579710144928,5.033651589804727e-05
148.51341551849166,5.805934320346686e-05
148.6211901306241,6.883968174380336e-05
148.72912127814087,8.146712116288543e-05
148.8372093023256,9.641551154054727e-05
148.94545454545454,0.0001165757600136566
149.0538573508006,0.00014187202547764297
149.16241806263656,0.000172154963759757
149.27113702623907,0.0002123668055199216
149.38001458789202,0.00026508029151293765
149.4890510948905,0.00032757695199750583
149.59824689554418,0.000403062602047295
149.70760233918128,0.0004993657079990158
149.81711777615214,0.0006163992323776369
149.9267935578331,0.0007522459862967876
150.03663003663004,0.0009136822650819714
150.1466275659824,0.0011060883139028157
150.25678650036684,0.0013261388372041746
150.36710719530103,0.001571271014763745
150.47759000734754,0.0018410370498176123
150.58823529411762,0.0021295053921716886
150.69904341427517,0.00242905616416488
150.8100147275405,0.0027357279326967396
150.92114959469419,0.003039761797441823
151.03244837758112,0.0033173339874560666
151.1439114391144,0.003542705711375408
151.25553914327915,0.0037028941157270768
151.3673318551367,0.0037890129400700557
151.47928994082838,0.0037843180950937155
151.59141376757958,0.0036747775322064796
151.7037037037037,0.003457088952362283
151.81616011860638,0.003136177677288814
151.92878338278933,0.0027401738664615915
152.04157386785448,0.0023204774176498167
152.15453194650817,0.0019150545741844249
152.26765799256503,0.001557594200227414
152.38095238095235,0.001330275145613461
152.4944154877141,0.0013279212144594041
152.6080476900149,0.0015650634755962779
152.72184936614468,0.002004848527041365
152.8358208955224,0.0026815029343176186
152.9499626587005,0.0036794840358343396
153.0642750373692,0.004915196691179463
153.1787584143605,0.006077777472014416
153.29341317365268,0.007017017821568493
153.40823970037454,0.008010363767428395
153.5232383808096,0.009176963182831392
153.6384096024006,0.009884265090239059
153.75375375375376,0.009576341531318878
153.86927122464311,0.00896471271623408
153.98496240601503,0.009148682850363275
154.10082768999246,0.009603005409371698
154.2168674698795,0.008806600665207944
154.33308214016577,0.00731454723694924
154.4494720965309,0.007748816973384502
154.56603773584905,0.010277600392977532
154.68277945619334,0.011294634252146067
154.79969765684052,0.009533366368086901
154.91679273827532,0.009580359460234264
155.0340651021953,0.014316823208147674
155.15151515151516,0.018033318092423395
155.2691432903715,0.01462690519578027
155.38694992412746,0.00931084826203952
155.50493545937738,0.011755501409471115
155.62310030395136,0.018802481550193467
155.74144486692012,0.017580194731456143
155.8599695585997,0.008001368025289043
155.97867479055597,0.005336754350386744
156.09756097560975,0.013977144618277836
156.21662852784135,0.018184204551402808
156.33587786259542,0.009511139439467858
156.45530939648586,0.002437394012358542
156.5749235474006,0.008879941389012793
156.69472073450652,0.01736203741435547
156.8147013782542,0.013396232829853982
156.93486590038313,0.0037225561216658173
157.05521472392638,0.003646909238290357
157.17574827321565,0.011792848389417422
157.29646697388634,0.01398919420089622
157.4173712528824,0.006869013255190309
157.53846153846155,0.0017752840039832237
157.65973826020013,0.005220906157138301
157.78120184899845,0.00983267371042132
157.9028527370856,0.008167156339989134
158.02469135802468,0.003664761261758473
158.14671814671814,0.003063690723708588
158.26893353941267,0.006333545378044493
158.39133797370457,0.008608203389643694
158.5139318885449,0.007523381086211018
158.63671572424477,0.005357271683721776
158.7596899224806,0.0052349320925539605
158.88285492629947,0.007309618220732438
159.0062111801242,0.009278381151569528
159.12975912975912,0.00944546784209022
159.25349922239502,0.008307912884315836
159.37743190661476,0.007775490712900293
159.50155763239874,0.009090408270778066
159.62587685113016,0.01129045980567388
159.7503900156006,0.012363368276485182
159.87509758001562,0.011826308487673007
160.0,0.01110927356611478
160.12509773260362,0.011593873467566662
160.2503912363067,0.013169493390752407
160.37588097102582,0.014637216962258436
160.5015673981191,0.015075251513886705
160.62745098039213,0.014693827553559457
160.7535321821036,0.014424254337579061
160.87981146897093,0.01483098080922173
161.0062893081761,0.015570283576534756
161.13296616837135,0.015910576023335964
161.25984251968504,0.015581576856851213
161.38691883372735,0.014975120342607515
161.51419558359618,0.014698463770151694
161.64167324388316,0.01505189568955265
161.7693522906793,0.015768094265222295
161.89723320158103,0.01624021510888017
162.0253164556962,0.016072760348919093
162.15360253365006,0.015310290587997885
162.28209191759112,0.014269199035870072
162.41078509119745,0.013295532997614557
162.53968253968253,0.012531620664485392
162.66878474980143,0.011941548229595025
162.79809220985692,0.011504866141833603
162.92760540970565,0.011200168467738492
163.05732484076432,0.010981922781333534
163.18725099601593,0.010856085660946046
163.31738437001593,0.010774490881296082
163.44772545889865,0.010584939623288553
163.57827476038338,0.010219231518889389
163.709032773781,0.009698063534074673
163.84,0.009052792902314689
163.97117694155327,0.008388866791064863
164.1025641025641,0.007820842491280889
164.23416198877305,0.007375980889201577
164.3659711075441,0.007043996375558044
164.49799196787149,0.006822829229779303
164.63022508038586,0.006712515717228113
164.76267095736122,0.006698306728491318
164.89533011272144,0.006753814447087471
165.02820306204674,0.006864922733002335
165.16129032258064,0.007032576650563274
165.29459241323647,0.007272266011899468
165.4281098546042,0.007588127381551299
165.56184316895713,0.007955108550431309
165.6957928802589,0.008372748747995887
165.82995951417004,0.008831695017641812
165.9643435980551,0.009261567210792786
166.09894566098947,0.009634088059385901
166.23376623376623,0.009947863557662084
166.36880584890332,0.010144584246899062
166.5040650406504,0.010209928425323117
166.63954434499593,0.010163858254686868
166.77524429967426,0.009982479481612848
166.9111654441728,0.0096731460454109
167.047308319739,0.009257259309422625
167.18367346938777,0.008735488548624869
167.3202614379085,0.008137988466533179
167.45707277187245,0.007478394629839277
167.59410801963992,0.0067582140043068745
167.7313677313677,0.006019327536959006
167.86885245901638,0.005284495921540544
168.00656275635768,0.004563801289132855
168.14449917898193,0.0038934347569820837
168.28266228430567,0.0032764325410842973
168.42105263157896,0.0026978250442233694
168.559670781893,0.002181576423494512
168.6985172981878,0.0017435197525930378
168.83759274525966,0.0013666214616634364
168.97689768976898,0.0010451079272345096
169.11643270024774,0.0007835476140441005
169.25619834710741,0.0005739779801133284
169.39619520264682,0.0004075554446903704
169.53642384105962,0.0002806939731404463
169.67688483844242,0.00018680051908584415
169.81757877280262,0.00011807130235306624
169.95850622406635,6.91525414525765e-05
170.09966777408638,3.65942020059322e-05
170.24106400665005,1.70794128697515e-05
170.3826955074875,6.377487867286114e-06
170.52456286427974,1.3843740321727836e-06
170.66666666666666,2.467651998685097e-07
170.8090075062552,1.3874525145428558e-06
170.9515859766277,3.806061976989915e-06
171.09440267335003,6.465907321699803e-06
171.23745819397996,8.910983809934693e-06
171.3807531380753,1.1106302102590485e-05
171.52428810720266,1.2600544160023327e-05
171.66806370494552,1.3849353975251993e-05
171.81208053691276,1.4785326033916695e-05
171.95633921074725,1.446867953178607e-05
172.10084033613444,1.3925431368704255e-05
172.24558452481077,1.3570675813034646e-05
172.3905723905724,1.205378194510472e-05
172.5358045492839,1.0212539854578746e-05
172.681281618887,9.407334271423775e-06
172.82700421940928,8.74992552796005e-06
172.97297297297297,7.594440804062403e-06
173.11918850380385,6.3071186321787595e-06
173.26565143824024,5.037324638498104e-06
173.41236240474177,3.989654634508179e-06
173.55932203389833,3.3343577620409084e-06
173.70653095843934,2.8277368543532696e-06
173.85398981324278,2.207401445931272e-06
174.0016992353441,1.640321719230973e-06
174.14965986394557,1.38274836774696e-06
174.2978723404255,1.1540250449584573e-06
174.44633730834755,7.489080197349038e-07
174.59505541346974,5.191281286215171e-07
174.74402730375425,4.3329814160603744e-07
174.8932536293766,2.546159811053756e-07
175.04273504273505,1.478451620018492e-07
175.1924721984602,1.4157406080610508e-07
175.34246575342465,8.284934114514391e-08
175.49271636675235,3.497754146410118e-08
175.6432246998285,5.706674775966351e-08
175.79399141630904,4.428794791339338e-08
175.94501718213058,6.908842998363652e-09
176.0963026655202,2.927065693524822e-09
176.24784853700515,6.062661975373233e-09
176.3996554694229,1.657474959618199e-09
176.55172413793102,3.1208446557222593e-10
176.70405522001724,3.717203509400618e-09
176.85664939550952,4.157529984830303e-09
177.00950734658602,3.9799644319627255e-09
177.16262975778545,1.083059040947589e-08
177.3160173160173,1.516968345939087e-08
177.46967071057193,9.656868505476979e-09
177.62359063313096,3.654223794018734e-09
177.77777777777777,5.205087796261134e-10
177.93223284100782,1.88045851263134e-09
178.08695652173913,4.5194672720062426e-09
178.24194952132288,3.212608091042811e-09
178.397212543554,3.7711984972224035e-09
178.55274629468178,1.8908560378521233e-09
178.70855148342056,3.0443447099070236e-09
178.86462882096066,5.753793359251804e-09
179.02097902097898,2.5815081879402013e-09
179.17760279965006,2.2673813535911354e-10
179.33450087565674,2.1887973863160625e-09
179.4916739702016,4.516588613848218e-09
179.64912280701753,3.052096967731919e-09
179.80684811237927,1.2805620254616557e-09
179.96485061511424,1.7840883773304448e-09
180.12313104661388,4.682243234352914e-09
180.28169014084506,4.640439884170586e-09
180.44052863436124,1.0049999183575241e-09
180.59964726631395,3.737452579948215e-09
180.75904677846424,1.0164167950527631e-09
180.91872791519435,1.8526878213355951e-09
181.07869142351902,1.0091946171298452e-09
181.23893805309734,1.4316632395430885e-09
181.39946855624444,3.165893041594981e-09
181.56028368794324,4.784135355584623e-10
181.72138420585628,7.555836190327267e-10
181.88277087033748,1.046104424768779e-09
182.04444444444445,1.3608001642753537e-09
182.20640569395016,2.7194856254791555e-09
182.3686553873553,2.043976864882863e-09
182.53119429590015,1.475741464575111e-09
182.69402319357712,1.1053670139063427e-09
182.85714285714286,3.6003460337783867e-09
183.0205540661305,2.1709119129304167e-09
183.18425760286226,9.038104875465115e-10
183.34825425246197,3.730355943014566e-09
183.51254480286738,6.111891450249386e-09
183.67713004484304,2.0523907277047177e-09
183.84201077199282,2.865072524106922e-09
184.00718778077265,1.7749855420117933e-09
184.1726618705036,8.854981797567425e-10
184.33843384338437,2.462566310760555e-09
184.5045045045045,2.4475514357174226e-09
184.67087466185754,2.9050277461890287e-09
184.83754512635377,3.1829852450552716e-09
185.0045167118338,7.932646179568278e-11
185.17179023508135,6.29877467358244e-09
185.33936651583707,8.349084950084954e-09
185.5072463768116,4.637708444420906e-09
185.675430643699,9.758818692172311e-10
185.84392014519057,3.353414926045918e-09
186.01271571298818,6.9422434778342166e-09
186.1818181818182,1.0395857705974472e-09
186.3512283894449,3.5669568796054043e-09
186.52094717668484,4.877377860732049e-09
186.69097538742025,8.65744199641108e-09
186.86131386861314,9.08189543805665e-09
187.03196347031962,1.0609509576053515e-09
187.20292504570384,2.22430872928915e-10
187.37419945105214,8.087397854822611e-11
187.54578754578753,1.5992914375874826e-09
187.71769019248396,6.551833488835668e-10
187.88990825688072,1.9363396933001487e-09
188.06244260789717,1.491042893999418e-10
188.23529411764707,1.8653617991327545e-09
188.40846366145354,4.275779412330756e-09
188.5819521178637,9.555301728673007e-09
188.75576036866357,5.241876908320053e-09
188.92988929889296,5.466642818204407e-10
189.10433979686056,8.724477246019775e-10
189.27911275415894,1.2912477433730801e-09
189.45420906567992,5.889004172587912e-10
189.62962962962962,1.0321806943740697e-09
189.80537534754404,4.649321527845734e-09
189.98144712430428,2.3186598004943606e-09
190.15784586815226,6.527397503785361e-09
190.3345724907063,1.530878584203189e-08
190.51162790697674,8.742474624054476e-09
190.68901303538178,2.3579530414035055e-09
190.8667287977633,3.4145264938312387e-10
191.044776119403,6.859814193628484e-10
191.22315592903828,9.172234350676006e-10
191.4018691588785,2.6454056558395026e-10
191.5809167446211,4.023488635240926e-09
191.76029962546815,7.905177286158721e-09
191.94001874414244,4.4084850681105765e-09
192.12007504690433,2.938626529965175e-09
192.3004694835681,2.9920776729040806e-09
192.48120300751881,1.4878981631438785e-09
192.66227657572907,3.21099433043188e-09
192.8436911487759,4.0272175289687343e-10
193.02544769085767,2.15052457145991e-09
193.2075471698113,3.619194011990004e-09
193.38999055712932,8.402578434263201e-10
193.57277882797732,7.130028894013707e-10
193.75591296121098,1.279538123181237e-10
193.93939393939394,1.4604879336812913e-09
194.12322274881518,5.16079104907841e-09
194.30740037950665,1.6644055408943194e-09
194.49192782526114,6.0438244730456684e-09
194.67680608365018,7.3305811751262845e-09
194.86203615604185,1.513509944630683e-09
195.04761904761907,1.653494048450396e-09
195.23355576739752,1.2166695266664459e-09
195.4198473282443,5.65618070559474e-10
195.6064947468959,1.395504209643473e-09
195.79349904397705,1.0081422349711153e-08
195.9808612440191,1.0419936738946341e-08
196.1685823754789,7.851784175984327e-10
196.35666347075744,2.243333962466487e-09
196.5451055662188,2.0475005863965064e-10
196.73390970220942,4.525724138130039e-10
196.92307692307693,5.666270250535437e-10
197.1126082771896,3.397425370509061e-09
197.30250481695566,5.507385746241696e-09
197.4927675988428,1.9461143880807076e-09
197.68339768339766,6.795072083907462e-09
197.8743961352657,2.6407717494956352e-09
198.06576402321085,1.4453257781454716e-09
198.25750242013552,1.8782487163748813e-09
198.44961240310076,1.9687882035509077e-09
198.64209505334625,1.4253995005779246e-10
198.83495145631065,9.223405483313973e-09
199.02818270165207,7.52125462525894e-09
199.22178988326846,6.000366763824896e-10
199.4157740993184,4.979759818511399e-10
199.61013645224173,2.959963454046456e-09
199.8048780487805,2.3753389874491276e-09
200.0,4.376283238121751e-09
200.19550342130987,6.125581652793622e-09
200.3913894324853,1.7860481871764736e-09
200.58765915768853,1.0203642274723211e-09
200.78431372549022,5.534802945037251e-10
200.9813542688911,9.535238360087272e-10
201.17878192534383,4.630094595365181e-10
201.37659783677483,2.079826297303717e-09
201.5748031496063,2.1602319684582768e-09
201.77339901477833,5.660556463247108e-10
201.9723865877712,1.5252039415321338e-09
202.1717670286278,2.2871762363844968e-10
202.3715415019763,3.848302349138668e-09
202.57171117705244,4.87091056542669e-09
202.77227722772278,2.4301927008368296e-09
202.97324083250743,1.067417193314742e-09
203.17460317460316,3.2293742446837296e-10
203.37636544190661,7.378770107579434e-10
203.57852882703776,7.04525616582192e-10
203.78109452736314,4.969057988465969e-10
203.98406374501994,2.44417946464837e-09
204.1874376869392,1.3452060228532816e-10
204.39121756487026,2.3092142316979095e-09
204.5954045954046,3.2688803810465866e-09
204.79999999999998,1.301454443119897e-09
205.005005005005,1.8150385554012157e-09
205.21042084168334,1.2310813419673137e-09
205.41624874623875,1.0903256244951148e-09
205.62248995983938,3.770378092948344e-09
205.8291457286432,1.5623051922514535e-09
206.03621730382292,5.961530462518979e-10
206.24370594159112,6.701717243302732e-10
206.4516129032258,2.0287496611629615e-09
206.65993945509584,4.723083262635431e-09
206.86868686868684,4.688519216326003e-10
207.07785642062692,2.252282634009705e-09
207.28744939271257,1.54575021208587e-09
207.49746707193518,1.001928429161004e-09
207.7079107505071,1.8466556655302643e-09
207.9187817258883,1.8147248842819045e-09
208.130081300813,3.3696429586204686e-09
208.34181078331636,2.0686437510681813e-09
208.55397148676167,1.0287638564836315e-08
208.7665647298675,6.330423199154073e-09
208.9795918367347,2.4510393143237505e-10
209.19305413687437,1.291483481306675e-09
209.40695296523518,9.713838467674094e-09
209.6212896622313,1.1625105080371054e-08
209.83606557377047,9.159535009743353e-10
210.05128205128204,4.5627143408862175e-09
210.26694045174537,3.2334837091574964e-09
210.48304213771837,3.2409658454729263e-09
210.69958847736626,5.75741972489646e-09
210.91658084449023,7.43039836535894e-09
211.1340206185567,1.6436121425748219e-09
211.3519091847265,1.0822520091432226e-09
211.5702479338843,5.841329892309989e-09
211.78903826266804,2.7376261664548183e-09
212.00828157349895,6.408298638180864e-10
212.22797927461139,6.047795958683033e-10
212.448132780083,1.8965409881446515e-09
212.668743509865,7.272923635217576e-09
212.88981288981287,4.004896016887581e-09
213.11134235171693,4.5293534914154323e-10
213.33333333333334,1.4141005173385951e-09
213.555787278415,8.036602022263912e-10
213.7787056367432,2.8893612389982237e-09
214.00208986415882,9.337037413202383e-09
214.22594142259413,1.739574996882886e-09
214.4502617801047,2.1578068460331613e-09
214.67505241090146,2.82846019270939e-09
214.900314795383,2.2416464135858626e-09
215.12605042016807,1.4103821394134213e-09
215.35226077812828,2.8486770201555458e-11
215.57894736842104,2.2520951367304857e-10
215.80611169652263,9.485689498739588e-10
216.03375527426158,1.2622756631966658e-09
216.26187961985215,2.0705968697946075e-09
216.49048625792813,1.5094854503671686e-09
216.7195767195767,4.361430120035796e-10
216.9491525423729,2.562163378029312e-09
217.17921527041358,7.8856147611286e-10
217.40976645435242,2.8621013346790202e-11
217.64080765143464,4.3618344931192666e-10
217.87234042553192,1.0723596673252296e-09
218.10436634717786,2.3079053361893728e-10
218.33688699360337,2.4236779154597643e-09
218.5699039487727,1.9541178310472416e-09
218.80341880341882,2.743803912068314e-10
219.0374331550802,4.4181403597178614e-10
219.27194860813702,5.705522151144469e-10
219.5069667738478,1.209871803329888e-09
219.74248927038627,1.2200426996182928e-09
219.97851772287862,1.2785886891700396e-09
220.21505376344086,1.4419391365539358e-10
220.45209903121636,8.905277454958033e-10
220.68965517241378,9.171207628636615e-11
220.92772384034518,6.676659484527026e-10
221.16630669546436,8.194335977598041e-10
221.4054054054054,6.588671142769e-11
221.64502164502164,4.976545523343173e-10
221.88515709642468,1.7382095196919989e-10
222.12581344902384,5.499051823559488e-11
222.36699239956567,4.709466508825174e-10
222.6086956521739,1.8877007976820557e-09
222.85092491838955,1.3437812070366198e-09
223.09368191721134,5.9964236293156e-11
223.3369683751363,9.308830086271255e-10
223.58078602620085,4.946991838511683e-09
223.82513661202185,8.53554054581152e-09
224.07002188183807,3.0977446724405662e-09
224.31544359255204,3.068812204878635e-10
224.56140350877192,1.3334686384310334e-10
224.80790340285398,2.324549529633493e-11
225.05494505494505,3.716329395510643e-10
225.30253025302528,6.689768640646421e-10
225.55066079295153,1.5239740408311582e-09
225.79933847850054,7.085812629736086e-10
226.0485651214128,1.9569439291151045e-09
226.29834254143645,5.221764952324657e-09
226.54867256637166,2.0899923187314645e-09
226.79955703211516,3.4992091372705313e-09
227.0509977827051,3.7616752399758505e-09
227.30299667036624,2.07962761401067e-09
227.55555555555554,8.684885324488495e-09
227.80867630700777,9.989772930265019e-09
228.06236080178175,2.1067557678668284e-09
228.31661092530658,2.584943604258989e-09
228.57142857142856,7.824480555926947e-09
228.82681564245812,1.7006954012217944e-08
229.082774049217,9.731816354586112e-09
229.33930571108624,6.289382442342939e-09
229.59641255605382,1.2448613032458516e-08
229.8540965207632,9.958665322539829e-09
230.1123595505618,3.253016032820936e-09
230.37120359955006,1.4393828142297362e-08
230.6306306306306,4.5233455658410365e-08
230.89064261555805,4.0460701545992615e-08
231.1512415349887,5.120716042337729e-08
231.41242937853107,8.996026745817899e-08
231.67420814479635,8.526894115449659e-08
231.9365798414496,1.3281312931091795e-07
232.19954648526078,3.077185351762059e-07
232.46311010215663,4.1013574181512617e-07
232.7272727272727,5.237712645473994e-07
232.9920364050057,9.37298449108105e-07
233.25740318906605,1.5525891450537388e-06
233.52337514253134,2.3196508720719115e-06
233.78995433789953,3.420072156954618e-06
234.05714285714288,4.958494013012344e-06
234.32494279176203,6.859057006146639e-06
234.59335624284074,8.863881052232446e-06
234.8623853211009,1.2159531839463518e-05
235.13203214695753,1.7003379841373432e-05
235.4022988505747,2.0694182056981895e-05
235.67318757192174,2.468740251291513e-05
235.9447004608295,3.00254959262452e-05
236.2168396770473,3.223741222268012e-05
236.48960739030022,3.189567043931753e-05
236.76300578034682,2.999752883318274e-05
237.03703703703707,2.401043497108958e-05
237.3117033603708,1.4084281154424028e-05
237.58700696055683,3.3895978648043543e-06
237.862950058072,5.881769058639253e-07
238.13953488372093,1.7494925329899986e-05
238.41676367869616,8.380761437280978e-05
238.69463869463866,0.0002394984791984548
238.97316219369893,0.0005354997226052644
239.25233644859816,0.001080911716275053
239.53216374269007,0.001998347992608271
239.81264637002343,0.003448218755939859
240.0937866354044,0.005652872771795069
240.37558685446012,0.008854102436605197
240.65804935370153,0.013405756624902477
240.94117647058823,0.019542814658477535
241.2249705535924,0.027499186679171134
241.50943396226415,0.03774033747256282
241.79456906729635,0.05021842452579241
242.080378250591,0.0647658119387709
242.3668639053254,0.08130170916214545
242.65402843601896,0.09893494549293073
242.94187425860022,0.11668303216000228
243.23040380047507,0.133042100712497
243.51961950059456,0.14625277233661937
243.80952380952382,0.1552848641885437
244.1001191895113,0.1581881519860115
244.39140811455846,0.15467493183195202
244.68339307048984,0.14728412572212962
244.97607655502392,0.13998623538046498
245.2694610778443,0.14161521721087614
245.56354916067144,0.16574672603788854
245.85834333733493,0.232910097779392
246.15384615384616,0.37121857757697985
246.4500601684717,0.613410805151299
246.7469879518072,1.0006794229166536
247.04463208685164,1.5764159196385332
247.34299516908212,2.3858272335731283
247.6420798065296,3.4697723720666365
247.9418886198547,4.847690634287836
248.24242424242422,6.533259232338009
248.54368932038832,8.512247414036917
248.8456865127582,10.718473122782893
249.14841849148416,13.065881671905878
249.45188794153472,15.428778582970695
249.75609756097558,17.641158865861524
250.06105006105005,19.514429144349126
250.36674816625916,20.84144278518441
250.6731946144431,21.460440524635597
250.98039215686276,21.229961673224214
251.2883435582822,20.050772816040393
251.5970515970516,17.975685200983236
251.90651906519062,15.14773096017543
252.21674876847288,11.801522390169497
252.52774352651045,8.300110643982968
252.8395061728395,5.04497004757349
253.15203955500616,2.431320436801344
253.46534653465346,0.7765341652869688
253.7794299876084,0.2702272060829534
254.09429280397023,0.9462827274739003
254.40993788819875,2.670454218776091
254.726368159204,5.20966560270338
255.04358655043586,8.210340980461819
255.36159600997507,11.231803672002702
255.6803995006242,13.794861063981342
255.99999999999997,15.36230539502194
256.3204005006258,15.523910949328396
256.64160401002505,14.19589756599924
256.9636135508155,11.759427590655454
257.286432160804,9.037569749394454
257.61006289308176,6.991657791220205
257.9345088161209,6.419719182165791
258.2597730138714,7.562623891227419
258.5858585858586,9.852777002217096
258.91276864728195,12.24596330932539
259.24050632911394,14.032276245448482
259.5690747782003,15.31779179371557
259.8984771573604,16.71626385605595
260.22871664548916,18.647266086120478
260.55979643765903,20.86513283727938
260.89171974522293,22.75496200567455
261.2244897959184,23.827516383085182
261.5581098339719,23.642008306750846
261.89258312020456,22.01921696320192
262.2279129321382,19.500424503411704
262.56410256410254,16.784665148576412
262.9011553273428,14.407504810411465
263.2390745501285,13.036109013764184
263.5778635778636,12.822243514180773
263.91752577319585,12.836590210865497
264.258064516129,12.180992377935738
264.59948320413434,11.164353429644994
264.9417852522639,10.461313661593211
265.2849740932642,10.12992262962222
265.6290531776913,9.895406569991254
265.974025974026,9.56383206236079
266.3198959687906,9.049217881825264
266.66666666666663,8.383833421221913
267.01434159061273,7.70006678094182
267.3629242819843,7.194671419904636
267.7124183006536,7.051392605029144
268.0628272251309,7.013717235016899
268.41415465268676,6.5760985799268985
268.76640419947506,6.233354713221191
269.119579500657,7.135425446864331
269.47368421052636,9.541625077015915
269.82872200263506,12.609025946981308
270.1846965699208,15.481298876154492
270.5416116248349,17.801833240680615
270.8994708994709,19.104722608455162
271.25827814569533,19.08231380705855
271.6180371352785,17.940410479326353
271.97875166002655,16.00689544823948
272.3404255319149,13.813465491796938
272.70306258322233,12.23862676558847
273.06666666666666,12.118150990701814
273.4312416555407,13.659811277201644
273.7967914438503,16.11999802680614
274.1633199464525,18.257485852044603
274.5308310991957,19.324436393680198
274.8993288590604,19.439841623463202
275.26881720430106,18.85077521848999
275.6393001345895,17.663429597785093
276.010781671159,16.197076743115286
276.3832658569501,14.731513448420785
276.7567567567567,13.288649154291663
277.1312584573748,11.9171025181335
277.50677506775065,10.690822838364284
277.88331071913166,9.581432246601192
278.2608695652174,8.576361806928736
278.6394557823129,7.69538398995744
279.01907356948226,6.949338533099334
279.39972714870396,6.345677639738546
279.78142076502735,5.852348741134937
280.1641586867305,5.437934863259509
280.54794520547944,5.084461582995283
280.93278463648835,4.743971668582894
281.31868131868134,4.391801146114412
281.70563961485556,4.032565056642338
282.0936639118457,3.6464031632059664
282.48275862068965,3.229364425334104
282.8729281767956,2.8054541326938027
283.2641770401106,2.3813874277753593
283.6565096952908,1.9673356665983952
284.0499306518724,1.5882456867941122
284.44444444444446,1.2528546924318984
284.84005563282335,0.9624134606904576
285.2367688022284,0.7235750834076576
285.63458856345886,0.5343160154598757
286.0335195530726,0.38659713372585003
286.43356643356645,0.27647631293147285
286.8347338935574,0.19855900109571528
287.23702664796633,0.1445055463206378
287.6404494382022,0.1090259220060912
288.0450070323488,0.08799444664704183
288.4507042253521,0.07578058919031347
288.85754583921016,0.06901124292996438
289.2655367231638,0.06611661196734024
289.6746817538897,0.06433978886138317
290.08498583569406,0.062324786712319974
290.49645390070924,0.060416041954107526
290.9090909090909,0.05772892972205929
291.32290184921766,0.05384882221543218
291.73789173789174,0.04970782435098276
292.15406562054204,0.04519294934684992
292.57142857142856,0.04008285993318478
292.9899856938483,0.035165093998895586
293.4097421203438,0.030541353725202613
293.83070301291247,0.025952772554368758
294.2528735632184,0.021830304804677767
294.67625899280574,0.018274164146943092
295.1008645533141,0.015010999839225658
295.52669552669556,0.012198172245147286
295.9537572254335,0.00990742445479573
296.3820549927641,0.007926646200857375
296.81159420289856,0.00627248583748244
297.2423802612482,0.00498013361123201
297.6744186046512,0.0039057339128680804
298.1077147016012,0.0030215536392993853
298.54227405247815,0.002352979116165799
298.978102189781,0.0018184905770477061
299.41520467836256,0.0013827983085813922
299.8535871156662,0.0010618742164461555
300.2932551319648,0.0008138041805173596
300.73421439060206,0.000609059687737896
301.17647058823525,0.0004595398419969938
301.620029455081,0.0003504793301723564
302.06489675516224,0.000260818418900572
302.5110782865583,0.0001937245780045022
302.95857988165676,0.000146036411877566
303.4074074074074,0.00010799010839053474
303.85756676557867,7.983281642686039e-05
304.30906389301634,5.9941747033977566e-05
304.7619047619047,4.34661899729023e-05
305.2160953800298,3.130517363549834e-05
305.6716417910448,2.3690400079524308e-05
306.1285500747384,1.748071053450854e-05
306.58682634730536,1.2270700997160802e-05
307.0464767616192,8.997446204547739e-06
307.5075075075075,6.6989695950339775e-06
307.96992481203006,4.740086069994544e-06
308.433734939759,3.4606929640815105e-06
308.8989441930618,2.639040036699672e-06
309.3655589123867,1.8449328008821025e-06
309.83358547655064,1.2244964723111645e-06
310.3030303030303,8.795621017597064e-07
310.7738998482549,6.264379780858701e-07
311.2462006079027,4.3664190188239947e-07
311.7199391171994,3.227295628813636e-07
312.1951219512195,2.2906020531538958e-07
312.67175572519085,1.5142596634279135e-07
313.1498470948012,1.1891196436973896e-07
313.6294027565084,8.506175247601702e-08
314.11042944785277,4.371705220759921e-08
314.5929339477727,2.9930352677775896e-08
315.0769230769231,3.329837594176739e-08
315.5624036979969,2.3799278643116038e-08
316.04938271604937,1.502006582260005e-08
316.53786707882534,9.469754522672699e-09
317.0278637770898,2.1855609951564373e-09
317.5193798449612,2.6826804476654517e-09
318.0124223602484,5.609433009221129e-09
318.50699844479004,1.8100975915159543e-09
319.0031152647975,4.0123932864462457e-10
319.5007800312012,2.497286150809924e-09
320.0,3.3624049144480234e-10
320.5007824726134,6.239754106465162e-10
321.0031347962382,1.2864439216815592e-09
321.5070643642072,1.5824319666217276e-09
322.0125786163522,2.2075351203065076e-10
322.5196850393701,8.245039654895825e-10
323.02839116719235,1.6165533241954403e-09
323.5387045813586,3.3727081581867603e-10
324.0506329113924,1.0216763521830246e-10
324.56418383518223,6.646253885677876e-10
325.07936507936506,1.9383691102374722e-10
325.59618441971384,5.4960572630530846e-11
326.11464968152865,7.481028865085673e-10
326.63476874003186,1.9966284269317718e-10
327.15654952076676,3.1433932121526004e-10
327.68,4.5619344740387407e-10
328.2051282051282,2.1356828522640693e-09
328.7319422150882,1.4171157606322498e-09
329.2604501607717,7.465190474649886e-10
329.7906602254429,8.163132000480724e-11
330.3225806451613,4.6553053759991366e-10
330.8562197092084,5.812727552861933e-10
331.3915857605178,3.844977917904153e-10
331.9286871961102,2.117940476211141e-10
332.46753246753246,1.2497419574733967e-10
333.0081300813008,2.773251751028084e-11
333.5504885993485,6.554774909638696e-10
334.094616639478,3.0012770373397773e-10
334.640522875817,6.212443069404143e-10
335.18821603927984,1.6381032792719831e-09
335.73770491803276,1.4750199295798688e-09
336.28899835796386,7.288605635761037e-10
336.8421052631579,5.008974910972306e-10
337.3970345963756,3.2718112584682677e-10
337.95379537953795,1.2243603013170519e-09
338.51239669421483,1.075930754714036e-10
339.07284768211923,1.1461360375630013e-09
339.63515754560524,1.1505216843199351e-09
340.19933554817277,5.194258557368137e-10
340.765391014975,8.836686817305659e-10
341.3333333333333,5.205665780884446e-10
341.9031719532554,8.098458863972893e-10
342.4749163879599,9.304649007815266e-10
343.04857621440533,2.1826080435735317e-10
343.6241610738255,5.916586732409565e-10
344.2016806722689,3.590467832641559e-10
344.7811447811448,2.4051565448930856e-10
345.362563237774,3.2022448505335246e-10
345.94594594594594,1.0452830849095188e-09
346.5313028764805,8.350404234669046e-10
347.11864406779665,1.7652049709944946e-11
347.70797962648555,1.8886962422705904e-10
348.29931972789115,8.315237190060964e-11
348.8926746166951,3.7018690381249254e-10
349.4880546075085,4.429285808968937e-10
350.0854700854701,1.5725311822153626e-10
350.6849315068493,9.628447276208149e-10
351.286449399657,1.1893058227415707e-09
351.89003436426117,3.72837999027022e-10
352.4956970740103,1.7333719701583234e-10
353.10344827586204,3.389740974759737e-10
353.71329879101904,1.2996053923987074e-10
354.3252595155709,9.035902356090228e-11
354.93934142114387,5.641710198649985e-10
355.55555555555554,6.033042449930564e-10
356.17391304347825,1.0783163769756412e-10
356.794425087108,1.9771791062658956e-10
357.4171029668411,2.317829778063894e-10
358.04195804195797,4.4619877495162006e-10
358.6690017513135,3.0391207842029063e-09
359.29824561403507,9.188245359917301e-10
359.9297012302285,1.2388308296433866e-09
360.5633802816901,1.5039792055276956e-09
361.1992945326279,6.456949664995196e-10
361.8374558303887,1.0942730678813263e-10
362.4778761061947,4.92195321555561e-10
363.1205673758865,1.1344973944406173e-11
363.76554174067496,7.28220104709861e-12
364.4128113879003,7.616078582222958e-10
365.0623885918003,1.3151900117560767e-09
365.7142857142857,1.42101285253896e-09
366.3685152057245,5.374184943390281e-11
367.02508960573476,9.213812909076975e-11
367.68402154398564,3.4716499582508995e-10
368.3453237410072,7.507292489578048e-11
369.009009009009,1.4507160510084094e-09
369.67509025270755,5.438700390046694e-10
370.3435804701627,5.944433520580414e-10
371.0144927536232,5.347592971188956e-10
371.68784029038113,1.9375157013393767e-10
372.3636363636364,1.5826583597688127e-10
373.0418943533697,4.0742379970494064e-10
373.7226277372263,4.679652378277048e-10
374.4058500914077,2.2373005375207e-09
375.09157509157507,2.6036340062202382e-09
375.77981651376143,2.495320248780256e-10
376.47058823529414,4.0087538777674283e-10
377.1639042357274,9.660444609485201e-11
377.8597785977859,1.6335421072234762e-10
378.5582255083179,3.535598790347863e-10
379.25925925925924,8.536865461549254e-11
379.96289424860856,9.897073281315118e-11
380.6691449814126,6.844631540318669e-11
381.37802607076355,2.5451133259445454e-10
382.089552238806,2.6772444231098775e-10
382.803738317757,1.5930714799956418e-10
383.5205992509363,2.2168509271857337e-10
384.24015009380867,1.2102720451918705e-10
384.96240601503763,2.2994436981916114e-10
385.6873822975518,7.936686713337305e-10
386.4150943396226,7.439179398447248e-12
387.14555765595463,6.125804295414173e-10
387.8787878787879,9.969879743638509e-11
388.6148007590133,2.4727815600792397e-10
389.35361216730035,3.8004959663980605e-10
390.09523809523813,3.540732357912502e-10
390.8396946564886,7.428476769687708e-11
391.5869980879541,5.7723610989525553e-11
392.3371647509578,1.5088675407747403e-10
393.0902111324376,3.6554074844801483e-10
393.84615384615387,3.5141297432133195e-11
394.6050096339113,2.4481313312051884e-10
395.3667953667953,6.806610111539012e-10
396.1315280464217,1.0950377790778781e-10
396.8992248062015,4.4874469173395846e-11
397.6699029126213,1.0251850676377256e-09
398.4435797665369,6.185087672385119e-10
399.22027290448347,2.6248738404953135e-10
400.0,3.480604413513353e-10
400.7827788649706,3.37677275745898e-10
401.56862745098044,2.0799566358058462e-10
402.35756385068765,7.240278919770504e-11
403.1496062992126,5.202311911057406e-10
403.9447731755424,5.238160364822095e-11
404.7430830039526,4.745883815363859e-10
405.54455445544556,4.559821051748279e-10
406.3492063492063,5.872994646060354e-10
407.1570576540755,7.674073686685267e-11
407.9681274900399,7.303347927211132e-11
408.7824351297405,1.7982231956315429e-10
409.59999999999997,9.006105406792264e-11
410.4208416833667,1.0266971693085913e-10
411.24497991967877,1.8404895420309938e-11
412.07243460764585,8.875551756924428e-11
412.9032258064516,3.690002796589371e-10
413.7373737373737,1.8984847076568716e-10
414.57489878542515,2.3842951733757476e-10
415.4158215010142,1.1410025192250048e-10
416.260162601626,2.5348073031754123e-10
417.10794297352334,5.227279230992383e-10
417.9591836734694,1.1818954170220856e-10
418.81390593047036,2.795671707668625e-11
419.67213114754094,2.5647229829977373e-10
420.53388090349074,1.0073814489419423e-09
421.3991769547325,4.978043949739143e-10
422.2680412371134,5.558666829894789e-10
423.1404958677686,1.2453116769775062e-09
424.0165631469979,4.06859146222475e-11
424.896265560166,2.7781345070107327e-10
425.77962577962575,4.0786203994249914e-11
426.6666666666667,1.8290647891743368e-10
427.5574112734864,2.9564762748504513e-10
428.45188284518827,7.671235357632396e-11
429.3501048218029,3.9560242406892184e-10
430.25210084033614,1.0173578562329856e-09
431.1578947368421,3.964663835948694e-10
432.06751054852316,3.4613432136701433e-10
432.98097251585625,3.6760640636644876e-11
433.8983050847458,8.853254703993247e-10
434.81953290870484,3.145427914190078e-10
435.74468085106383,5.111736521360694e-10
436.67377398720674,6.846953273390537e-10
437.60683760683764,2.59045197096312e-10
438.54389721627405,2.094704325472099e-10
439.48497854077254,1.575487237909541e-09
440.4301075268817,8.070460124090411e-10
441.37931034482756,1.7745296037209278e-11
442.3326133909287,1.0867012409497023e-09
443.2900432900433,1.7181287976116018e-09
444.2516268980477,6.261980093341639e-10
445.2173913043478,9.070869644037841e-10
446.1873638344227,1.3980771577457152e-09
447.1615720524017,3.6896981206077703e-10
448.14004376367615,5.107846157912793e-11
449.12280701754383,1.3884954119694486e-10
450.1098901098901,1.047265750455362e-09
451.10132158590307,9.854641978310089e-10
452.0971302428256,1.0046115923851945e-09
453.0973451327433,2.6059094173818866e-09
454.1019955654102,1.054219141301158e-09
455.1111111111111,3.904341634316659e-10
456.1247216035635,4.355287452849493e-10
457.1428571428571,1.1331694098026285e-09
458.165548098434,5.211072522781903e-10
459.19282511210764,1.2499583799441352e-09
460.2247191011236,3.0353726322278046e-09
461.2612612612612,2.5945114889043767e-09
462.3024830699774,1.8399386277018243e-09
463.3484162895927,1.143822934434217e-09
464.39909297052156,1.2182212592410163e-09
465.4545454545454,2.0355769893792123e-09
466.5148063781321,5.810631543229064e-10
467.57990867579906,9.107867888243601e-10
468.64988558352405,1.2862870044427008e-09
469.7247706422018,6.477862860399458e-10
470.8045977011494,2.1782678030908074e-09
471.889400921659,2.9203747734575693e-09
472.97921478060044,2.184203675319194e-10
474.07407407407413,1.343307579198395e-09
475.17401392111367,1.2405910985103175e-09
476.27906976744185,1.1378881288376084e-10
477.3892773892773,3.017805062518236e-09
478.5046728971963,4.917620798121831e-09
479.62529274004686,4.1561019562387214e-10
480.75117370892025,3.98582881157827e-09
481.88235294117646,4.104968406451222e-09
483.0188679245283,2.7420643448538436e-09
484.160756501182,4.226331973622313e-09
485.3080568720379,2.3779865819414984e-09
486.46080760095015,3.53876987833918e-09
487.61904761904765,6.144078325863348e-09
488.7828162291169,7.487234508037927e-09
489.95215311004785,5.567178527245956e-09
491.1270983213429,8.502882390372854e-09
492.3076923076923,7.69497601105211e-09
493.4939759036144,1.6010421146691946e-08
494.68599033816423,6.7842465924594014e-09
495.8837772397094,1.6293131585666834e-08
497.08737864077665,2.2254760908161094e-08
498.29683698296833,8.657634554695227e-09
499.51219512195115,3.034442953936708e-08
500.7334963325183,3.943895299432733e-08
501.9607843137255,4.124156981052987e-09
503.1941031941032,6.07712400237085e-08
504.43349753694577,6.257981085308978e-08
505.679012345679,2.0398561055596935e-09
506.9306930693069,1.2250552705602075e-07
508.18858560794047,9.09527585299645e-08
509.452736318408,6.5543589918953114e-09
510.72319201995015,2.2250987969667863e-07
511.99999999999994,1.1878782190183623e-07
513.2832080200501,3.212042875767099e-08
514.572864321608,3.8134796729460626e-07
515.8690176322418,1.5723806903903168e-07
517.1717171717172,1.0884884548105758e-07
518.4810126582279,7.019960411631605e-07
519.7969543147208,1.6239891380240638e-07
521.1195928753181,3.1746010954508736e-07
522.4489795918367,1.1227023631583616e-06
523.7851662404091,1.5093506098636137e-07
525.1282051282051,7.198218247391795e-07
526.478149100257,1.8388192761621728e-06
527.8350515463917,1.0367461489219822e-07
529.1989664082687,1.6037813540326196e-06
530.5699481865284,2.695710386250139e-06
531.948051948052,9.765022026119343e-08
533.3333333333333,3.3516406515184295e-06
534.7258485639686,3.871605369536174e-06
536.1256544502618,2.237763484844263e-07
537.5328083989501,6.313367111445394e-06
538.9473684210527,5.189295217638097e-06
540.3693931398416,8.158700147779344e-07
541.7989417989418,1.1397105824570979e-05
543.236074270557,6.551196048144754e-06
544.6808510638298,2.761415197420423e-06
546.1333333333333,1.9731990518984926e-05
547.5935828877006,7.312505238155415e-06
549.0616621983914,7.492136702314799e-06
550.5376344086021,3.1976330151463514e-05
552.021563342318,7.504288080227947e-06
553.5135135135134,1.7717967760759394e-05
555.0135501355013,5.0513613535825486e-05
556.5217391304348,6.6692861001959185e-06
558.0381471389645,3.894587884087091e-05
559.5628415300547,7.514987001189927e-05
561.0958904109589,5.10192727968178e-06
562.6373626373627,7.901824774969104e-05
564.1873278236914,0.0001067779483361439
565.7458563535912,5.648279238561104e-06
567.3130193905816,0.0001506841109750464
568.8888888888889,0.0001424351530203027
570.4735376044569,1.587060242004813e-05
572.0670391061452,0.00027260021992841994
573.6694677871149,0.00017628122371469196
575.2808988764044,5.423761871972461e-05
576.9014084507043,0.00047013221970929
578.5310734463276,0.00019536608070100893
580.1699716713881,0.00015934770521313504
581.8181818181818,0.0007667315784880501
583.4757834757835,0.00018569197882786222
585.1428571428571,0.0004019497252211294
586.8194842406876,0.0011823629800867081
588.5057471264367,0.00013721241849194346
590.2017291066282,0.0009031158316726835
591.907514450867,0.0017044449313863362
593.6231884057971,7.334173674929428e-05
595.3488372093024,0.0018341635026581644
597.0845481049563,0.0022679509395549307
598.8304093567251,0.00010327792410027385
600.5865102639297,0.0034367391902047208
602.3529411764705,0.002712785881920009
604.1297935103245,0.0004951452277447453
605.9171597633135,0.005955145724199001
607.7151335311573,0.0028033889490896103
609.5238095238094,0.0017625755586839164
611.3432835820896,0.009569985087863086
613.1736526946107,0.002308603120915919
615.015015015015,0.004724125552035111
616.867469879518,0.014256056975407381
618.7311178247734,0.001229950288739404
620.6060606060606,0.010427731401360458
622.4924012158054,0.019596192165294003
624.390243902439,0.0002966942523919214
626.2996941896024,0.01992684798679386
628.2208588957055,0.02448584101480928
630.1538461538462,0.0016567674142923452
632.0987654320987,0.03426076950410144
634.0557275541796,0.02663842180318743
636.0248447204968,0.009104876483046453
638.006230529595,0.055006665854729804
640.0,0.02294675485982808
642.0062695924764,0.026736168239394148
644.0251572327044,0.08543797024025918
646.0567823343847,0.012008324694906468
648.1012658227849,0.055180957032702906
650.1587301587301,0.1315078421727767
652.2292993630573,0.001052739231098111
654.3130990415335,0.08578028529599624
656.4102564102564,0.2008443346816807
658.5209003215434,0.019135915727415444
660.6451612903226,0.09989083301711993
662.7831715210356,0.2956429630359729
664.9350649350649,0.1333271614845872
667.100977198697,0.09269997955017462
669.281045751634,0.4030792730214106
671.4754098360655,0.44899359143329637
673.6842105263158,0.1609972178061579
675.9075907590759,0.5164080141893653
678.1456953642385,1.0484882093526415
680.3986710963455,0.7013092840336098
682.6666666666666,0.8152435428497937
684.9498327759198,1.8809826366806088
687.248322147651,2.5901875933385736
689.5622895622896,2.2045932303731335
691.8918918918919,2.8845236816815523
694.2372881355933,7.3884874050094105
696.5986394557823,7.438706306666828
698.976109215017,4.972325067052935
701.3698630136986,18.583827358409515
703.7800687285223,23.912872109168706
706.2068965517241,13.831557487745984
708.6505190311418,43.753824213863886
711.1111111111111,65.39030269514444
713.588850174216,45.265334156779716
716.0839160839159,91.56045884928774
718.5964912280701,142.74844604608032
721.1267605633802,130.5951864414017
723.6749116607774,202.44184000264528
726.241134751773,314.0890331563816
728.8256227758006,386.1083174723719
731.4285714285714,533.5632220551197
734.0501792114695,736.2060394733943
736.6906474820144,1097.9871249569799
739.3501805054151,1478.4900132357366
742.0289855072464,1563.1893354940403
744.7272727272727,2017.8075801408122
747.4452554744526,2357.7848114288595
750.1831501831501,2180.2286450775405
752.9411764705883,3243.744354032405
755.7195571955718,4478.149642354267
758.5185185185185,4295.3898738903545
761.3382899628252,6358.373616950968
764.179104477612,9576.90570135238
767.0411985018726,9360.930439418871
769.9248120300753,13684.246657748616
772.8301886792452,24442.674673328125
775.7575757575758,23918.13527663868
778.7072243346007,23133.326733586913
781.6793893129772,18629.89654854613
784.6743295019156,8393.582279454225
787.6923076923077,4684.531420977067
790.7335907335906,2746.303987473911
793.798449612403,2063.6524122694964
796.8871595330738,2211.7801149838974
800.0,1931.1496979190435
803.1372549019609,1954.9548518133465
806.2992125984252,3099.3381789875534
809.4861660079052,4571.90427872951
812.6984126984127,9286.987003558346
815.9362549800798,22689.598247157734
819.1999999999999,26718.46548279701
822.4899598393575,22867.01347703217
825.8064516129032,20743.264070318477
829.1497975708503,10943.097389240858
832.520325203252,7065.972558301802
835.9183673469388,6774.332618367421
839.3442622950819,4154.103664479554
842.798353909465,2714.944646823151
846.2809917355372,2909.098466598529
849.792531120332,2025.0068706109043
853.3333333333334,1282.4280456676343
856.9037656903765,1349.7580506093955
860.5042016806723,993.3367183540445
864.1350210970463,619.7736584287403
867.7966101694916,509.1279362859836
871.4893617021277,328.1182780779861
875.2136752136753,188.04177596829965
878.9699570815451,111.75386384345083
882.7586206896551,73.19916298359755
886.5800865800866,59.89640017436744
890.4347826086956,27.58050944391581
894.3231441048034,14.132301976293217
898.2456140350877,21.31356735489404
902.2026431718061,8.500916103205137
906.1946902654867,1.362795429073244
910.2222222222222,6.957527274739145
914.2857142857142,3.12569560433302
918.3856502242153,0.06754138636356086
922.5225225225224,1.577052662052747
926.6968325791854,1.1491709463859543
930.9090909090908,0.41831690959231055
935.1598173515981,0.24857672398001512
939.4495412844036,0.533141809949978
943.778801843318,0.458099722123624
948.1481481481483,0.011188236132180087
952.5581395348837,0.32433182806739536
957.0093457943926,0.30912949215091456
961.5023474178405,0.008553235376198984
966.0377358490566,0.24370284782378346
970.6161137440758,0.1565626055362701
975.2380952380953,0.034171499534059284
979.9043062200957,0.1879432943253732
984.6153846153846,0.06313757767498256
989.3719806763285,0.05149328756938848
994.1747572815533,0.13244134910034724
999.0243902439023,0.019305664328796424
1003.921568627451,0.05763581264056561
1008.8669950738915,0.08346914441147116
1013.8613861386139,0.0038707295430917086
1018.905472636816,0.054312931119263844
1023.9999999999999,0.04673702301990362
1029.145728643216,0.0016576980958891176
1034.3434343434344,0.04497329643072301
1039.5939086294416,0.022920562125920686
1044.8979591836735,0.003842775272166808
1050.2564102564102,0.033377377975282556
1055.6701030927834,0.009523089665134333
1061.139896373057,0.006160580717033314
1066.6666666666665,0.02242793852115521
1072.2513089005236,0.0031275764157147464
1077.8947368421054,0.007132204827972489
1083.5978835978835,0.013701251457814508
1089.3617021276596,0.0007353988050687727
1095.1871657754011,0.006740740499866042
1101.0752688172042,0.007597130090661889
1107.0270270270269,0.0002336438663101751
1113.0434782608695,0.005521506872181309
1119.1256830601094,0.003795857103142651
1125.2747252747254,0.0003843097314036731
1131.4917127071824,0.00404484853272296
1137.7777777777778,0.0016809471629305563
1144.1340782122904,0.0006003611029597331
1150.5617977528088,0.0026959761549841727
1157.0621468926552,0.0006425960519123461
1163.6363636363635,0.0006879808483469744
1170.2857142857142,0.0016510364643353337
1177.0114942528735,0.000205097718415051
1183.815028901734,0.0006424112749249122
1190.6976744186047,0.0009339901662235768
1197.6608187134502,5.880292062064759e-05
1204.705882352941,0.0005221649608710436
1211.834319526627,0.0004883260910641137
1219.0476190476188,2.927541510945804e-05
1226.3473053892214,0.00038210494071712244
1233.734939759036,0.00023570013127117618
1241.2121212121212,3.315127652870046e-05
1248.780487804878,0.0002579731071244904
1256.441717791411,0.00010417154942720477
1264.1975308641975,3.885834277389325e-05
1272.0496894409937,0.00016246599814777083
1280.0,4.17258196681105e-05
1288.0503144654087,3.851467732616779e-05
1296.2025316455697,9.626460376094891e-05
1304.4585987261146,1.5003564579877434e-05
1312.8205128205127,3.321067284737269e-05
1321.2903225806451,5.407718317533664e-05
1329.8701298701299,4.998972036168792e-06
1338.562091503268,2.581151016854625e-05
1347.3684210526317,2.8832077129952986e-05
1356.291390728477,1.9366231211401354e-06
1365.3333333333333,1.860281850207363e-05
1374.496644295302,1.449133658379993e-05
1383.7837837837837,1.3041562794878178e-06
1393.1972789115646,1.2575417874983745e-05
1402.7397260273972,6.877616162511166e-06
1412.4137931034481,1.3098198168772155e-06
1422.2222222222222,8.002477736880513e-06
1432.1678321678319,3.0383435022947287e-06
1442.2535211267605,1.3063279473983947e-06
1452.482269503546,4.838605772072935e-06
1462.857142857143,1.2294039752632696e-06
1473.3812949640287,1.160446417877134e-06
1484.0579710144928,2.7810884916063644e-06
1494.890510948905,4.481553554895951e-07
1505.8823529411766,9.462133567107272e-07
1517.037037037037,1.5048554467134342e-06
1528.358208955224,1.5166538688548544e-07
1539.8496240601505,7.054909068562075e-07
1551.5151515151515,7.650700323408867e-07
1563.3587786259543,5.795745044642236e-08
1575.3846153846155,4.780819491607515e-07
1587.596899224806,3.661425299939641e-07
1600.0,3.319300045156353e-08
1612.5984251968505,3.0761258052017307e-07
1625.3968253968253,1.6120435071442895e-07
1638.3999999999999,2.8774865251751355e-08
1651.6129032258063,1.848109065127178e-07
1665.040650406504,6.73427373365359e-08
1678.6885245901638,2.7577889807234143e-08
1692.5619834710744,1.038334479354906e-07
1706.6666666666667,2.5102411207103378e-08
1721.0084033613446,2.2675360529091446e-08
1735.5932203389832,5.3776590921152784e-08
1750.4273504273506,9.292050689628045e-09
1765.5172413793102,1.7376533515591053e-08
1780.8695652173913,2.6377952400502212e-08
1796.4912280701753,3.00132944486909e-09
1812.3893805309733,1.2173287278941305e-08
1828.5714285714284,1.2425354480977158e-08
1845.0450450450448,9.597213250248618e-10
1861.8181818181815,7.619263977718411e-09
1878.8990825688072,5.449056702614963e-09
1896.2962962962965,5.66057313509463e-10
1914.0186915887853,4.635649019456896e-09
1932.0754716981132,2.2213595757965457e-09
1950.4761904761906,4.896204266594027e-10
1969.2307692307693,2.376991036407034e-09
1988.3495145631066,8.446691770480825e-10
2007.843137254902,3.4116411891907816e-10
2027.7227722772277,1.2342993352099494e-09
2047.9999999999998,3.7657336657595104e-10
2068.686868686869,3.696340362602439e-10
2089.795918367347,5.504386105635069e-10
2111.340206185567,1.1280397835787823e-10
2133.333333333333,2.044389829848117e-10
2155.789473684211,2.4287722511726194e-10
2178.723404255319,5.683376930131082e-11
2202.1505376344085,1.6841778942924623e-10
2226.086956521739,8.870934053989231e-11
2250.5494505494507,1.1575778193029344e-11
2275.5555555555557,9.141466489864715e-11
2301.1235955056177,2.922345443863561e-11
2327.272727272727,2.5288272101732333e-12
2354.022988505747,4.712887080078006e-11
2381.3953488372094,2.5836040131712722e-11
2409.411764705882,7.597151630431208e-12
2438.0952380952376,3.3429969323729685e-11
2467.469879518072,1.103674942291001e-11
2497.560975609756,5.221577821440005e-12
2528.395061728395,3.936162291652571e-12
2560.0,4.3941742958406835e-12
2592.4050632911394,3.848711969085921e-12
2625.6410256410254,4.289701148370804e-12
2659.7402597402597,6.622117513533944e-12
2694.7368421052633,5.84557373196833e-12
2730.6666666666665,6.125467518836122e-13
2767.5675675675675,1.3305531554513543e-12
2805.4794520547944,3.546730276575642e-12
2844.4444444444443,2.7150704881638716e-14
2884.507042253521,2.8077101223673403e-14
2925.714285714286,1.466005424796706e-12
2968.1159420289855,1.516486938364773e-12
3011.764705882353,2.9753062839922487e-13
3056.716417910448,3.7463714865425063e-13
3103.030303030303,3.408300146779865e-13
3150.769230769231,6.868744607915229e-13
3200.0,7.389393094848287e-13
3250.7936507936506,5.277202280123008e-13
3303.2258064516127,6.120989214531953e-13
3357.3770491803275,3.913674749916761e-13
3413.3333333333335,1.397082959197483e-13
3471.1864406779664,1.693822456287532e-13
3531.0344827586205,4.1837002401265667e-13
3592.9824561403507,2.3804118550830645e-13
3657.142857142857,5.528567827917314e-14
3723.636363636363,3.799484152259396e-14
3792.592592592593,1.9454134755136762e-13
3864.1509433962265,4.326598777119822e-13
3938.4615384615386,1.4202617669367875e-13
4015.686274509804,7.588991724668812e-15
4095.9999999999995,3.368666221679012e-14
4179.591836734694,3.58355220023664e-14
4266.666666666666,2.0606784574920592e-14
4357.446808510638,3.605131319444584e-15
4452.173913043478,2.695271971872199e-16
4551.111111111111,3.742117750506137e-16
4654.545454545454,4.4226116565675845e-17
4762.790697674419,5.887543140361454e-17
4876.190476190475,1.8134430768096042e-17
4995.121951219512,1.1901198314901696e-18
5120.0,1.1107919540563587e-17
5251.282051282051,8.4520474293417425e-19
5389.473684210527,4.65433089089211e-19
5535.135135135135,1.2330868514531336e-18
5688.888888888889,1.0389878650851143e-20
5851.428571428572,5.19902896133006e-20
6023.529411764706,6.72888563706423e-20
6206.060606060606,6.694282819962101e-21
6400.0,4.9352874673260914e-21
6606.451612903225,5.11199836768737e-21
6826.666666666667,1.6733893984441001e-21
7062.068965517241,5.546835538036334e-22
7314.285714285714,8.179058592292021e-22
7585.185185185186,2.474243982003043e-22
7876.923076923077,9.937170650209937e-23
