angular frequency,Intensity
239135452881006.75,6.203584168426012e-42
248332970299507.0,8.495793039727352e-42
257530487718007.28,1.8366344053664008e-39
266728005136507.53,1.4451295447609335e-36
275925522555007.78,5.814027218899348e-35
285123039973508.06,6.672089148859242e-34
294320557392008.3,3.940216226400133e-33
303518074810508.56,1.5695989699882143e-32
312715592229008.8,4.874304582370556e-32
321913109647509.06,1.2790818193153543e-31
331110627066009.4,2.9792785397054846e-31
340308144484509.6,6.350515903522942e-31
349505661903009.9,1.2635684218078994e-30
358703179321510.1,2.3692939716122067e-30
367900696740010.4,4.20423812483255e-30
377098214158510.6,7.051481887826214e-30
386295731577010.94,1.1117673717591426e-29
395493248995511.2,1.64182018036346e-29
404690766414011.44,2.2718276377317436e-29
413888283832511.7,2.9580640966838755e-29
423085801251011.94,3.66722194971483e-29
432283318669512.2,4.3861742691969523e-29
441480836088012.5,5.11760094483035e-29
450678353506512.75,5.906672893349464e-29
459875870925013.0,6.805175571185444e-29
469073388343513.25,7.812796827896977e-29
478270905762013.5,8.930696342851121e-29
487468423180513.75,1.0188487235234934e-28
496665940599014.0,1.157371182948844e-28
505863458017514.3,1.3084297096990004e-28
515060975436014.56,1.480635730011328e-28
524258492854514.8,1.676835766445834e-28
533456010273015.06,1.8897151548673422e-28
542653527691515.3,2.121766033275063e-28
551851045110015.56,2.3792883880223286e-28
561048562528515.9,2.657587388522194e-28
570246079947016.1,2.9595766787506e-28
579443597365516.4,3.2949289923085105e-28
588641114784016.6,3.6580526642848512e-28
597838632202516.9,4.049871153049513e-28
607036149621017.1,4.487265801173125e-28
616233667039517.4,4.965209054158215e-28
625431184458017.6,5.470978813766443e-28
634628701876517.9,6.020075703059297e-28
643826219295018.1,6.61900811328975e-28
653023736713518.5,7.252339348753097e-28
662221254132018.8,7.9286813620061145e-28
671418771550519.0,8.660924526274837e-28
680616288969019.2,9.431767609370063e-28
689813806387519.5,1.0234120314680332e-27
699011323806019.8,1.107934317388985e-27
708208841224520.0,1.196602929460527e-27
717406358643020.2,1.2897838786363056e-27
726603876061520.5,1.3877296531342822e-27
735801393480020.8,1.4877278248649603e-27
744998910898521.0,1.5888016447266394e-27
754196428317021.2,1.6934055097772956e-27
763393945735521.5,1.801559146675662e-27
772591463154021.9,1.9121621495288833e-27
781788980572522.1,2.02606031562254e-27
790986497991022.4,2.141470558556018e-27
800184015409522.6,2.2548889552167292e-27
809381532828022.9,2.3662466058718456e-27
818579050246523.1,2.476566983720801e-27
827776567665023.4,2.5864133034144943e-27
836974085083523.6,2.6950289186641765e-27
846171602502023.9,2.796562386661423e-27
855369119920524.1,2.888813287980288e-27
864566637339024.4,2.980051625121081e-27
873764154757524.6,3.0706189087632415e-27
882961672176025.0,3.1479156601122794e-27
892159189594525.2,3.210885945647526e-27
901356707013025.5,3.268022504898121e-27
910554224431525.8,3.314839580575686e-27
919751741850026.0,3.346276716863607e-27
928949259268526.2,3.3694287909416136e-27
938146776687026.5,3.38170206554366e-27
947344294105526.8,3.371176626701578e-27
956541811524027.0,3.3429083767979624e-27
965739328942527.2,3.3074693804018215e-27
974936846361027.5,3.256439308466882e-27
984134363779527.8,3.179671478779135e-27
993331881198028.0,3.0859777800861216e-27
1002529398616528.4,2.987948256738697e-27
1011726916035028.6,2.883790911030867e-27
1020924433453528.9,2.7620999201903867e-27
1030121950872029.1,2.6192665289516912e-27
1039319468290529.4,2.468502385048067e-27
1048516985709029.6,2.321971470593527e-27
1057714503127529.9,2.1698784445035877e-27
1066912020546030.1,1.9995687373241203e-27
1076109537964530.4,1.824070623901635e-27
1085307055383030.6,1.661126053333199e-27
1094504572801530.9,1.5028293739916472e-27
1103702090220031.1,1.3381240241232197e-27
1112899607638531.4,1.179689924935972e-27
1122097125057031.8,1.0395068491093345e-27
1131294642475532.0,9.092723573390744e-28
1140492159894032.2,7.8457414236794845e-28
1149689677312532.5,6.749543755392452e-28
1158887194731032.8,5.837203311891867e-28
1168084712149533.0,5.082642487949903e-28
1177282229568033.2,4.518053581613315e-28
1186479746986533.5,4.151116867443337e-28
1195677264405033.8,3.943849514764439e-28
1204874781823534.0,3.9123592124397368e-28
1214072299242034.2,4.075959007894642e-28
1223269816660534.5,4.411365093824698e-28
1232467334079034.8,4.920796991000271e-28
1241664851497535.0,5.594419490752233e-28
1250862368916035.2,6.38538877183659e-28
1260059886334535.5,7.292264432137285e-28
1269257403753035.8,8.314287959937297e-28
1278454921171536.0,9.398583695743858e-28
1287652438590036.2,1.0523378108236385e-27
1296849956008536.8,1.1675603055921115e-27
1306047473427037.0,1.2816464484098177e-27
1315244990845537.2,1.3955952255104519e-27
1324442508264037.5,1.5068344299831991e-27
1333640025682537.8,1.6047361392040064e-27
1342837543101038.0,1.6877871664422552e-27
1352035060519538.2,1.7573186370175344e-27
1361232577938038.5,1.806718821391941e-27
1370430095356538.8,1.839376631339402e-27
1379627612775039.0,1.8584743636177065e-27
1388825130193539.2,1.84969114384268e-27
1398022647612039.5,1.813398717346553e-27
1407220165030539.8,1.760297247849873e-27
1416417682449040.0,1.672983539661217e-27
1425615199867540.2,1.5456283626189804e-27
1434812717286040.5,1.4065305630995726e-27
1444010234704540.8,1.2552896529291764e-27
1453207752123041.0,1.0729772467793031e-27
1462405269541541.2,8.800415658114697e-28
1471602786960041.5,7.037950488074232e-28
1480800304378541.8,5.5858837513593845e-28
1489997821797042.0,4.815540969557848e-28
1499195339215542.2,5.301554679635281e-28
1508392856634042.5,7.973259370607357e-28
1517590374052542.8,1.4379452811680252e-27
1526787891471043.0,2.6498240139315792e-27
1535985408889543.5,4.741493964541021e-27
1545182926308043.8,8.219438360574876e-27
1554380443726544.0,1.376497251225285e-26
1563577961145044.2,2.2386128890862586e-26
1572775478563544.5,3.570547995041125e-26
1581972995982044.8,5.60377620726981e-26
1591170513400545.0,8.670488155819377e-26
1600368030819045.2,1.3279461420736533e-25
1609565548237545.5,2.0170343922828235e-25
1618763065656045.8,3.0400959591373345e-25
1627960583074546.0,4.55487308405039e-25
1637158100493046.2,6.792252396535484e-25
1646355617911546.5,1.0082285874942652e-24
1655553135330046.8,1.4905470177221104e-24
1664750652748547.0,2.1958601546619993e-24
1673948170167047.2,3.2232859956621987e-24
1683145687585547.5,4.714597779917462e-24
1692343205004047.8,6.872941857840203e-24
1701540722422548.0,9.985255573092038e-24
1710738239841048.2,1.44549320064594e-23
1719935757259548.5,2.0849130650541814e-23
1729133274678048.8,2.995890926953136e-23
1738330792096549.0,4.288050703845745e-23
1747528309515049.2,6.11271567013762e-23
1756725826933549.5,8.677250590142147e-23
1765923344352050.0,1.226426836565249e-22
1775120861770550.2,1.7257677812800664e-22
1784318379189050.5,2.4175239201009e-22
1793515896607550.8,3.3709612255040836e-22
1802713414026051.0,4.678297929365408e-22
1811910931444551.2,6.461670520616995e-22
1821108448863051.5,8.88161937947244e-22
1830305966281551.8,1.2147619373735984e-21
1839503483700052.0,1.6531305851259712e-21
1848701001118552.2,2.2382619649522238e-21
1857898518537052.5,3.0148839702509638e-21
1867096035955552.8,4.039706699327636e-21
1876293553374053.0,5.384121828410717e-21
1885491070792553.2,7.137300487832238e-21
1894688588211053.5,9.409553600946113e-21
1903886105629553.8,1.2336036469712949e-20
1913083623048054.0,1.608077459772842e-20
1922281140466554.2,2.0840637449854665e-20
1931478657885054.5,2.6849066847609225e-20
1940676175303554.8,3.4379373809446627e-20
1949873692722055.0,4.3747024993112555e-20
1959071210140555.2,5.531062138224833e-20
1968268727559055.5,6.947115319682047e-20
1977466244977555.8,8.666843738812725e-20
1986663762396056.0,1.0737463366458649e-19
1995861279814556.2,1.3208504972826895e-19
2005058797233056.8,1.6130472187724119e-19
2014256314651557.0,1.9553055803033712e-19
2023453832070057.2,2.3523052778998705e-19
2032651349488557.5,2.8081835759318407e-19
2041848866907057.8,3.32622359163159e-19
2051046384325558.0,3.908502543050814e-19
2060243901744058.2,4.555477989467075e-19
2069441419162558.5,5.26546831487734e-19
2078638936581058.8,6.034041628981245e-19
2087836453999559.0,6.85331196232778e-19
2097033971418059.2,7.711113671368582e-19
2106231488836559.5,8.590132819240237e-19
2115429006255059.8,9.467154208877669e-19
2124626523673560.0,1.0312590453513856e-18
2133824041092060.2,1.1090574528960319e-18
2143021558510560.5,1.1760001594020499e-18
2152219075929060.8,1.2276828627944044e-18
2161416593347561.0,1.2597784733089003e-18
2170614110766061.2,1.268540646832946e-18
2179811628184561.5,1.2513875642491395e-18
2189009145603061.8,1.2074597044131856e-18
2198206663021562.0,1.1380052825565183e-18
2207404180440062.2,1.0464462756580917e-18
2216601697858562.5,9.380334184624578e-19
2225799215277062.8,8.191154071459199e-19
2234996732695563.0,6.962129523087948e-19
2244194250114063.5,5.752335624635536e-19
2253391767532563.5,4.611786049286268e-19
2262589284951064.0,3.5851443278521183e-19
2271786802369564.0,2.7202273207793977e-19
2280984319788064.5,2.0754171304016757e-19
2290181837206564.5,1.7181084543445437e-19
2299379354625065.0,1.7087867617613616e-19
2308576872043565.0,2.072551705164611e-19
2317774389462065.5,2.768962107448068e-19
2326971906880565.5,3.67665359591217e-19
2336169424299066.0,4.606492345011426e-19
2345366941717566.0,5.345363882655668e-19
2354564459136066.5,5.717068370324566e-19
2363761976554567.0,5.636011143729638e-19
2372959493973067.0,5.130481509429424e-19
2382157011391567.5,4.3256334575604593e-19
2391354528810067.5,3.39494700289457e-19
2400552046228568.0,2.5026618235592785e-19
2409749563647068.0,1.7611596004978787e-19
2418947081065568.5,1.2169523766827693e-19
2428144598484068.5,8.637564869141712e-20
2437342115902569.0,6.696051013765848e-20
2446539633321069.0,6.022300234963628e-20
2455737150739569.5,6.42388104591934e-20
2464934668158069.5,7.835722644000515e-20
2474132185576570.0,1.0233944963823812e-19
2483329702995070.0,1.3541220890089424e-19
2492527220413570.5,1.7578051233312477e-19
2501724737832070.5,2.2075022891302003e-19
2510922255250571.0,2.6727740881989314e-19
2520119772669071.0,3.126199068627413e-19
2529317290087571.5,3.5481176178171603e-19
2538514807506071.5,3.928277101048178e-19
2547712324924572.0,4.2645802097057053e-19
2556909842343072.0,4.560087638188923e-19
2566107359761572.5,4.819663719874888e-19
2575304877180072.5,5.047342974943166e-19
2584502394598573.0,5.2449286158694795e-19
2593699912017073.5,5.41182100717302e-19
2602897429435573.5,5.545738402447135e-19
2612094946854074.0,5.643844887032065e-19
2621292464272574.0,5.703846298610286e-19
2630489981691074.5,5.724769332187048e-19
2639687499109574.5,5.707309535487761e-19
2648885016528075.0,5.653775941257479e-19
2658082533946575.0,5.567739349789581e-19
2667280051365075.5,5.45353213863792e-19
2676477568783575.5,5.315749821488985e-19
2685675086202076.0,5.158845477475569e-19
2694872603620576.0,4.986857765120708e-19
2704070121039076.5,4.803285665021731e-19
2713267638457576.5,4.611079011771882e-19
2722465155876077.0,4.412704682652418e-19
2731662673294577.0,4.2102558019447053e-19
2740860190713077.5,4.0055538758955703e-19
2750057708131577.5,3.8002213952187634e-19
2759255225550078.0,3.595735909711607e-19
2768452742968578.0,3.3934545415518963e-19
2777650260387078.5,3.194609833945125e-19
2786847777805578.5,3.0003013962969547e-19
2796045295224079.0,2.8114805020926117e-19
2805242812642579.0,2.6289325306745287e-19
2814440330061079.5,2.4532796627631596e-19
2823637847479579.5,2.2849899641650794e-19
2832835364898080.0,2.124382463611582e-19
2842032882316580.5,1.9716454144557656e-19
2851230399735080.5,1.8268593254339894e-19
2860427917153581.0,1.6900131829486726e-19
2869625434572081.0,1.561023912019065e-19
2878822951990581.5,1.439752212541776e-19
2888020469409081.5,1.326009799286132e-19
2897217986827582.0,1.2195722998853892e-19
2906415504246082.0,1.1201915302141921e-19
2915613021664582.5,1.0275962605322829e-19
2924810539083082.5,9.414950968622899e-20
2934008056501583.0,8.615861707703733e-20
2943205573920083.0,7.875617792196997e-20
2952403091338583.5,7.191084108555132e-20
2961600608757083.5,6.559106737292957e-20
2970798126175584.0,5.97657789370109e-20
2979995643594084.0,5.440452521063845e-20
2989193161012584.5,4.9477336691417936e-20
2998390678431084.5,4.4955097260451845e-20
3007588195849585.0,4.0810025837012206e-20
3016785713268085.0,3.7015508255987886e-20
3025983230686585.5,3.3546000307025044e-20
3035180748105085.5,3.037735108894516e-20
3044378265523586.0,2.748676692685759e-20
3053575782942086.0,2.485261675202227e-20
3062773300360586.5,2.2454590332970557e-20
3071970817779087.0,2.0273742060187312e-20
3081168335197587.0,1.8292330236745147e-20
3090365852616087.5,1.649378666359947e-20
3099563370034587.5,1.4862668426576137e-20
3108760887453088.0,1.3384603823364397e-20
3117958404871588.0,1.2046338211890752e-20
3127155922290088.5,1.0835646498991196e-20
3136353439708588.5,9.74118978330091e-21
3145550957127089.0,8.752512517098248e-21
3154748474545589.0,7.860019271685558e-21
3163945991964089.5,7.054910990790476e-21
3173143509382589.5,6.3291343890254425e-21
3182341026801090.0,5.6752721454356465e-21
3191538544219590.0,5.086519208169655e-21
3200736061638090.5,4.556736293371668e-21
3209933579056590.5,4.080329137696738e-21
3219131096475091.0,3.652131092836381e-21
3228328613893591.0,3.2674663558429664e-21
3237526131312091.5,2.922120093258688e-21
3246723648730591.5,2.6122248567630805e-21
3255921166149092.0,2.3342773450504803e-21
3265118683567592.0,2.0851242447391253e-21
3274316200986092.5,1.8618753887191328e-21
3283513718404592.5,1.6619272511554137e-21
3292711235823093.0,1.4829677806681745e-21
3301908753241593.5,1.3228695052705042e-21
3311106270660093.5,1.1796762754328007e-21
3320303788078594.0,1.051660962154674e-21
3329501305497094.0,9.372801412937853e-22
3338698822915594.5,8.351167294875787e-22
3347896340334094.5,7.438961860509564e-22
3357093857752595.0,6.6248020169223125e-22
3366291375171095.0,5.898344181015447e-22
3375488892589595.5,5.250326323318414e-22
3384686410008095.5,4.672543082092418e-22
3393883927426596.0,4.157522186904591e-22
3403081444845096.0,3.698462567165829e-22
3412278962263596.5,3.289384126925952e-22
3421476479682096.5,2.925006698915525e-22
3430673997100597.0,2.6005386639896155e-22
3439871514519097.0,2.311651047228727e-22
3449069031937597.5,2.0544646605125554e-22
3458266549356097.5,1.8255277845766568e-22
3467464066774598.0,1.6218179186493482e-22
3476661584193098.0,1.4406155962647028e-22
3485859101611598.5,1.2794289017939462e-22
3495056619030098.5,1.1360918051556294e-22
3504254136448599.0,1.0086906383283102e-22
3513451653867099.0,8.954204064188145e-23
3522649171285599.5,7.947122106352311e-23
3531846688704100.0,7.052652276132801e-23
3541044206122600.0,6.25835489785565e-23
3550241723541100.5,5.55255341244714e-23
3559439240959600.5,4.9256676096727135e-23
3568636758378101.0,4.3692146455716514e-23
3577834275796601.0,3.875231615324745e-23
3587031793215101.5,3.4368663470851334e-23
3596229310633601.5,3.047807951987151e-23
3605426828052102.0,2.7022424568692225e-23
3614624345470602.0,2.395676070132935e-23
3623821862889102.5,2.1240471469511805e-23
3633019380307602.5,1.8829478214204498e-23
3642216897726103.0,1.6688035418731873e-23
3651414415144603.0,1.479043003873512e-23
3660611932563103.5,1.3109107784596174e-23
3669809449981603.5,1.1616786996686755e-23
3679006967400104.0,1.029338737054605e-23
3688204484818604.0,9.121229564898521e-24
3697402002237104.5,8.08217724591391e-24
3706599519655604.5,7.16095956692614e-24
3715797037074105.0,6.344561299970891e-24
3724994554492605.0,5.6210677589189194e-24
3734192071911105.5,4.980425421862356e-24
3743389589329605.5,4.4129814081855425e-24
3752587106748106.0,3.90989584449828e-24
3761784624166606.0,3.4648842502558436e-24
3770982141585106.5,3.0714818963099617e-24
3780179659003607.0,2.7224246520686516e-24
3789377176422107.0,2.4131813034739795e-24
3798574693840607.5,2.1401332491943194e-24
3807772211259107.5,1.8979354830625244e-24
3816969728677608.0,1.6829726524667803e-24
3826167246096108.0,1.4934101267775768e-24
3835364763514608.5,1.325611727579397e-24
3844562280933108.5,1.176453536529794e-24
3853759798351609.0,1.0449981820494826e-24
3862957315770109.0,9.289348523919147e-25
3872154833188609.5,8.25339077025117e-25
3881352350607109.5,7.336048011822998e-25
3890549868025610.0,6.52868724094276e-25
3899747385444110.0,5.808055119712087e-25
3908944902862610.5,5.165537789534978e-25
3918142420281110.5,4.600671068764312e-25
3927339937699611.0,4.099121342640415e-25
3936537455118111.0,3.6489927319753317e-25
3945734972536611.5,3.2507329516983064e-25
3954932489955111.5,2.8995132562066493e-25
3964130007373612.0,2.584486489223399e-25
3973327524792112.0,2.30240767127345e-25
3982525042210612.5,2.0540106697966749e-25
3991722559629112.5,1.8343260609802064e-25
4000920077047613.0,1.6363320813085217e-25
4010117594466113.5,1.4581219407575407e-25
4019315111884613.5,1.3004391402827416e-25
4028512629303114.0,1.1608590957423996e-25
4037710146721614.0,1.0355066943566996e-25
4046907664140114.5,9.231947492696412e-26
4056105181558614.5,8.234204773422999e-26
4065302698977115.0,7.344382112670553e-26
4074500216395615.0,6.554644606027532e-26
4083697733814115.5,5.85876092285828e-26
4092895251232615.5,5.231905499328287e-26
4102092768651116.0,4.660454713844895e-26
4111290286069616.0,4.1560250229030394e-26
4120487803488116.5,3.717185789549972e-26
4129685320906616.5,3.322293996165369e-26
4138882838325117.0,2.9619565056992986e-26
4148080355743617.0,2.6411571938456444e-26
4157277873162117.5,2.3585286237479712e-26
4166475390580617.5,2.106439390925061e-26
4175672907999118.0,1.8816712789696072e-26
4184870425417618.0,1.6830156683169344e-26
4194067942836118.5,1.5043881145725963e-26
4203265460254618.5,1.341126130261431e-26
4212462977673119.0,1.1963395388335252e-26
4221660495091619.0,1.0700246088547916e-26
4230858012510119.5,9.546309802614382e-27
4240055529928620.0,8.487478564967075e-27
4249253047347120.0,7.569277700213348e-27
4258450564765620.5,6.769064192488364e-27
4267648082184120.5,6.032755434844647e-27
4276845599602621.0,5.354782537072828e-27
4286043117021121.0,4.745909669414135e-27
4295240634439621.5,4.205308575439199e-27
4304438151858121.5,3.720282968359377e-27
4313635669276622.0,3.275516517300835e-27
4322833186695122.0,2.8852066724182645e-27
4332030704113622.5,2.5617022413214092e-27
4341228221532122.5,2.2709040138442605e-27
4350425738950623.0,1.9876247389275523e-27
4359623256369123.0,1.73158979931242e-27
4368820773787623.5,1.5127837950734926e-27
4378018291206123.5,1.3144996449535532e-27
4387215808624624.0,1.1286420744946179e-27
4396413326043124.0,9.660312324326907e-28
4405610843461624.5,8.356352793769975e-28
4414808360880124.5,7.250057856956263e-28
4424005878298625.0,6.18432739485766e-28
4433203395717125.0,5.241526583126864e-28
4442400913135625.5,4.479975199165422e-28
4451598430554125.5,3.7662549471204177e-28
4460795947972626.0,3.10451808371288e-28
4469993465391126.0,2.6037952824703803e-28
4479190982809626.5,2.1853332226243183e-28
4488388500228127.0,1.7751935303942654e-28
4497586017646627.0,1.4622640490514643e-28
4506783535065127.0,1.2566496479498412e-28
4515981052483628.0,1.0677806412968965e-28
4525178569902128.0,8.89049093168638e-29
4534376087320628.0,7.610355136927923e-29
4543573604739128.0,6.75418615989844e-29
4552771122157629.0,6.155700025290583e-29
4561968639576129.0,5.689780200362025e-29
4571166156994629.0,5.181049605739345e-29
4580363674413129.0,4.865276252606341e-29
4589561191831630.0,5.0365446008381127e-29
4598758709250130.0,5.241165211171463e-29
4607956226668630.0,5.132881938444609e-29
4617153744087130.0,5.251650894634485e-29
4626351261505631.0,5.707029944920861e-29
4635548778924131.0,5.90786220402644e-29
4644746296342631.0,5.885125692772803e-29
4653943813761131.0,6.031249980222655e-29
4663141331179632.0,6.244307172202729e-29
4672338848598132.0,6.355328643475505e-29
4681536366016632.0,6.280296550457541e-29
4690733883435132.0,5.955271655963728e-29
4699931400853633.0,5.666922006390006e-29
4709128918272133.0,5.522004130877484e-29
4718326435690633.0,5.285315177733099e-29
4727523953109134.0,5.007400962575998e-29
4736721470527634.0,4.7979241242035505e-29
4745918987946134.0,4.411911035062562e-29
4755116505364634.0,3.877690555989517e-29
4764314022783135.0,3.4599434663106134e-29
4773511540201635.0,3.1085422446893734e-29
4782709057620135.0,2.813196930609685e-29
4791906575038635.0,2.792538286716665e-29
4801104092457136.0,2.990746762820063e-29
4810301609875636.0,3.1823982082577197e-29
4819499127294136.0,3.389050954724685e-29
4828696644712636.0,3.7852865148692537e-29
4837894162131137.0,4.542608408810393e-29
4847091679549637.0,5.784217855239916e-29
4856289196968137.0,7.466912079123744e-29
4865486714386637.0,9.493979998330835e-29
4874684231805138.0,1.1881375547364358e-28
4883881749223638.0,1.4810406610671639e-28
4893079266642138.0,1.8641380874078644e-28
4902276784060638.0,2.369215553895937e-28
4911474301479139.0,2.9678256153599362e-28
4920671818897639.0,3.5831312030690208e-28
4929869336316139.0,4.225963015220222e-28
4939066853734639.0,5.0099536090092465e-28
4948264371153140.0,5.98551857752489e-28
4957461888571640.0,7.14343287526619e-28
4966659405990140.0,8.521315228778256e-28
4975856923408641.0,1.0063618997487946e-27
4985054440827141.0,1.1631567014552066e-27
4994251958245641.0,1.3385443045253576e-27
5003449475664141.0,1.5637634017724067e-27
5012646993082642.0,1.828374134487911e-27
5021844510501142.0,2.1064973319370812e-27
5031042027919642.0,2.4189158597171673e-27
5040239545338142.0,2.7887529060846505e-27
5049437062756643.0,3.1917433353425363e-27
5058634580175143.0,3.629646262157647e-27
5067832097593643.0,4.166799031755869e-27
5077029615012143.0,4.818255494610009e-27
5086227132430644.0,5.512873752128695e-27
5095424649849144.0,6.2466617077321716e-27
5104622167267644.0,7.128347232667092e-27
5113819684686144.0,8.192370390873855e-27
5123017202104645.0,9.3544561072993e-27
5132214719523145.0,1.0615355300644409e-26
5141412236941645.0,1.2077665151870956e-26
5150609754360145.0,1.3756715245222326e-26
5159807271778646.0,1.5626680927699198e-26
5169004789197146.0,1.774612871093218e-26
5178202306615646.0,2.0139047562877544e-26
5187399824034147.0,2.2795809632611776e-26
5196597341452647.0,2.5838681182830689e-26
5205794858871147.0,2.934966623050084e-26
5214992376289647.0,3.322592645676025e-26
5224189893708148.0,3.751625876196285e-26
5233387411126648.0,4.243401077865092e-26
5242584928545148.0,4.7929987239386974e-26
5251782445963648.0,5.392351217107172e-26
5260979963382149.0,6.071809305647394e-26
5270177480800649.0,6.850203625484696e-26
5279374998219149.0,7.705562989977824e-26
5288572515637649.0,8.640950668417345e-26
5297770033056150.0,9.692464800737272e-26
5306967550474650.0,1.0868110360943897e-25
5316165067893150.0,1.2163367340030314e-25
5325362585311650.0,1.3597489543785208e-25
5334560102730151.0,1.5185927666710098e-25
5343757620148651.0,1.694100989204795e-25
5352955137567151.0,1.8887559590996264e-25
5362152654985651.0,2.1023286211383215e-25
5371350172404152.0,2.3340045658955943e-25
5380547689822652.0,2.58931980998656e-25
5389745207241152.0,2.8731006668588856e-25
5398942724659652.0,3.1813388242850587e-25
5408140242078153.0,3.512331912046496e-25
5417337759496653.0,3.8739347262605997e-25
5426535276915153.0,4.271080720652276e-25
5435732794333654.0,4.7015232582164815e-25
5444930311752154.0,5.166506909740193e-25
5454127829170654.0,5.67043853440297e-25
5463325346589154.0,6.2133447743290015e-25
5472522864007655.0,6.79536170991959e-25
5481720381426155.0,7.421123043182629e-25
5490917898844655.0,8.09351125414705e-25
5500115416263155.0,8.81269074772033e-25
5509312933681656.0,9.58141884738195e-25
5518510451100156.0,1.0401067129849578e-24
5527707968518656.0,1.1267833431920294e-24
5536905485937156.0,1.2182342596074196e-24
5546103003355657.0,1.3152296891095991e-24
5555300520774157.0,1.4178382423269124e-24
5564498038192657.0,1.5253051093788393e-24
5573695555611157.0,1.6376291225868019e-24
5582893073029658.0,1.7553446594303893e-24
5592090590448158.0,1.878002743218185e-24
5601288107866658.0,2.0047893892795817e-24
5610485625285158.0,2.1357350969714267e-24
5619683142703659.0,2.2707969891769794e-24
5628880660122159.0,2.4090512504080752e-24
5638078177540659.0,2.549469985372839e-24
5647275694959159.0,2.6912567934642743e-24
5656473212377660.0,2.8337311305489534e-24
5665670729796160.0,2.9765015960267386e-24
5674868247214660.0,3.1186677430592037e-24
5684065764633161.0,3.258201482370912e-24
5693263282051661.0,3.3934858649859756e-24
5702460799470161.0,3.524167987184915e-24
5711658316888661.0,3.649317777735852e-24
5720855834307162.0,3.766607485152717e-24
5730053351725662.0,3.874188059351221e-24
5739250869144162.0,3.971628467911586e-24
5748448386562662.0,4.0585009508148855e-24
5757645903981163.0,4.1336405316123674e-24
5766843421399663.0,4.196493121823153e-24
5776040938818163.0,4.247896838293094e-24
5785238456236663.0,4.2888730352600885e-24
5794435973655164.0,4.3205395955296884e-24
5803633491073664.0,4.346051924277237e-24
5812831008492164.0,4.370125913378904e-24
5822028525910664.0,4.396675436551035e-24
5831226043329165.0,4.430602913333453e-24
5840423560747665.0,4.480946784139981e-24
5849621078166165.0,4.558318292839929e-24
5858818595584665.0,4.671699763538327e-24
5868016113003166.0,4.831309060779454e-24
5877213630421666.0,5.051037203531318e-24
5886411147840166.0,5.3455636473889175e-24
5895608665258667.0,5.728479989484626e-24
5904806182677167.0,6.2134381036822956e-24
5914003700095667.0,6.813700418805186e-24
5923201217514167.0,7.541115319814658e-24
5932398734932668.0,8.406290507230644e-24
5941596252351168.0,9.416479167729018e-24
5950793769769668.0,1.0572882013318966e-23
5959991287188168.0,1.1872350104841613e-23
5969188804606669.0,1.330844446910464e-23
5978386322025169.0,1.4867069641247577e-23
5987583839443669.0,1.6524643898530957e-23
5996781356862169.0,1.8251654667661213e-23
6005978874280670.0,2.0012843456751176e-23
6015176391699170.0,2.1765669661276205e-23
6024373909117670.0,2.3463697526108345e-23
6033571426536170.0,2.5057653825381424e-23
6042768943954671.0,2.6493570803511133e-23
6051966461373171.0,2.771998925427986e-23
6061163978791671.0,2.8697137963368334e-23
6070361496210171.0,2.939593697040443e-23
6079559013628672.0,2.979928630867606e-23
6088756531047172.0,2.991169430319087e-23
6097954048465672.0,2.9764544507660195e-23
6107151565884172.0,2.941868012351791e-23
6116349083302673.0,2.8969980136180095e-23
6125546600721173.0,2.855192614989789e-23
6134744118139673.0,2.833782236929817e-23
6143941635558174.0,2.854215626243818e-23
6153139152976674.0,2.9411869792990136e-23
6162336670395174.0,3.121940216799355e-23
6171534187813674.0,3.426389173719219e-23
6180731705232175.0,3.8858832017696053e-23
6189929222650675.0,4.530979696721805e-23
6199126740069175.0,5.390437424133374e-23
6208324257487675.0,6.489981637393312e-23
6217521774906176.0,7.849699511694795e-23
6226719292324676.0,9.482330627837396e-23
6235916809743176.0,1.1392246798743409e-22
6245114327161676.0,1.3573030914525916e-22
6254311844580177.0,1.6005833066903986e-22
6263509361998677.0,1.8660266226936682e-22
6272706879417177.0,2.1494104849780106e-22
6281904396835677.0,2.44519592389986e-22
6291101914254178.0,2.7468168210165823e-22
6300299431672678.0,3.0470111458745505e-22
6309496949091178.0,3.3377277511577873e-22
6318694466509678.0,3.6105009854624313e-22
6327891983928179.0,3.8573020758290068e-22
6337089501346679.0,4.0705610489058125e-22
6346287018765179.0,4.243121852279814e-22
6355484536183679.0,4.369232319289878e-22
6364682053602180.0,4.444955261678763e-22
6373879571020680.0,4.46774987676124e-22
6383077088439180.0,4.437053395698776e-22
6392274605857681.0,4.354793620012245e-22
6401472123276181.0,4.2245263196275353e-22
6410669640694681.0,4.051150768004659e-22
6419867158113181.0,3.8414153302019283e-22
6429064675531682.0,3.60331641274611e-22
6438262192950182.0,3.3451802794648205e-22
6447459710368682.0,3.0755427128181396e-22
6456657227787182.0,2.802829368176432e-22
6465854745205683.0,2.5347525048336793e-22
6475052262624183.0,2.278068440161642e-22
6484249780042683.0,2.038350417691489e-22
6493447297461183.0,1.8198035839500778e-22
6502644814879684.0,1.6254103407610266e-22
6511842332298184.0,1.4570074425224608e-22
6521039849716684.0,1.315299243237003e-22
6530237367135184.0,1.2001995919309475e-22
6539434884553685.0,1.1112722803538526e-22
6548632401972185.0,1.0479653516068869e-22
6557829919390685.0,1.0097655938963802e-22
6567027436809185.0,9.963447983147137e-23
6576224954227686.0,1.0075998586782385e-22
6585422471646186.0,1.0435763390816231e-22
6594619989064686.0,1.1043216465079807e-22
6603817506483187.0,1.1896173094708913e-22
6613015023901687.0,1.2985807933082166e-22
6622212541320187.0,1.42938449691753e-22
6631410058738687.0,1.5791816681410216e-22
6640607576157188.0,1.7438931577076878e-22
6649805093575688.0,1.917991291366661e-22
6659002610994188.0,2.094874505198805e-22
6668200128412688.0,2.2674216543030094e-22
6677397645831189.0,2.428193438047335e-22
6686595163249689.0,2.570067201651337e-22
6695792680668189.0,2.6873482400762154e-22
6704990198086689.0,2.776174517838267e-22
6714187715505190.0,2.8345216395487425e-22
6723385232923690.0,2.8626039557955686e-22
6732582750342190.0,2.8628732674015127e-22
6741780267760690.0,2.839353384962501e-22
6750977785179191.0,2.797162897299214e-22
6760175302597691.0,2.7420684448188755e-22
6769372820016191.0,2.6796681456396206e-22
6778570337434691.0,2.614740195436825e-22
6787767854853192.0,2.5509729584382664e-22
6796965372271692.0,2.490759710001368e-22
6806162889690192.0,2.4350930470625056e-22
6815360407108692.0,2.3836874769807504e-22
6824557924527193.0,2.3352566634956067e-22
6833755441945693.0,2.2878761388588642e-22
6842952959364193.0,2.2392894262357075e-22
6852150476782694.0,2.187036521351423e-22
6861347994201194.0,2.1284754946698503e-22
6870545511619694.0,2.0607523003977104e-22
6879743029038194.0,1.980877851023488e-22
6888940546456695.0,1.886251351240295e-22
6898138063875195.0,1.7755707692550684e-22
6907335581293695.0,1.6497253608346644e-22
6916533098712195.0,1.5124395521976346e-22
6925730616130696.0,1.37034302274013e-22
6934928133549196.0,1.2321129343940524e-22
6944125650967696.0,1.106925702493563e-22
6953323168386196.0,1.0027163294348919e-22
6962520685804697.0,9.245077879884323e-23
6971718203223197.0,8.731693621642203e-23
6980915720641697.0,8.451451410854735e-23
6990113238060197.0,8.333654207055423e-23
6999310755478698.0,8.290181289156364e-23
7008508272897198.0,8.238140391823252e-23
7017705790315698.0,8.12636763995896e-23
7026903307734198.0,7.960075028609439e-23
7036100825152699.0,7.810933063048945e-23
7045298342571199.0,7.805067343090953e-23
7054495859989699.0,8.091251974880349e-23
7063693377408200.0,8.794108761881462e-23
7072890894826700.0,9.96284842074268e-23
7082088412245200.0,1.1536091026370596e-22
7091285929663700.0,1.3339902897610827e-22
7100483447082201.0,1.5121333572259654e-22
7109680964500701.0,1.6609420995673262e-22
7118878481919201.0,1.7590116889627972e-22
7128075999337701.0,1.7976005160652616e-22
7137273516756202.0,1.7848638455925902e-22
7146471034174702.0,1.745609808895241e-22
7155668551593202.0,1.716341858824874e-22
7164866069011702.0,1.7367590311097857e-22
7174063586430203.0,1.8392779498214288e-22
7183261103848703.0,2.0387537343692154e-22
7192458621267203.0,2.325459847489948e-22
7201656138685703.0,2.663879829122114e-22
7210853656104204.0,2.998444392763808e-22
7220051173522704.0,3.265584161729805e-22
7229248690941204.0,3.409034495355141e-22
7238446208359704.0,3.394312662428078e-22
7247643725778205.0,3.219153024376695e-22
7256841243196705.0,2.9167893625332374e-22
7266038760615205.0,2.5498354352567554e-22
7275236278033705.0,2.196291203636887e-22
7284433795452206.0,1.931756312731079e-22
7293631312870706.0,1.8113976059437406e-22
7302828830289206.0,1.8555249595534485e-22
7312026347707707.0,2.0432870520050818e-22
7321223865126207.0,2.3165784062249933e-22
7330421382544707.0,2.5928961415442604e-22
7339618899963207.0,2.7843048256944047e-22
7348816417381708.0,2.8184834603853086e-22
7358013934800208.0,2.656744552498281e-22
7367211452218708.0,2.3042906641591606e-22
7376408969637208.0,1.8098517579459178e-22
7385606487055709.0,1.25471698252434e-22
7394804004474209.0,7.339059075953165e-23
7404001521892709.0,3.337773478761936e-23
7413199039311209.0,1.1139093228014956e-23
7422396556729710.0,8.107699398067074e-24
7431594074148210.0,2.1166687605872616e-23
7440791591566710.0,4.349810462324306e-23
7449989108985210.0,6.63805992839967e-23
7459186626403711.0,8.152197498107831e-23
7468384143822211.0,8.335228375329236e-23
7477581661240711.0,7.071208040721718e-23
7486779178659211.0,4.74878213871881e-23
7495976696077712.0,2.1976612648057293e-23
7505174213496212.0,5.088814504824977e-24
7514371730914712.0,7.767731494550865e-24
7523569248333212.0,3.817619804168767e-23
7532766765751713.0,9.931716834102203e-23
7541964283170213.0,1.8771530667574383e-22
7551161800588713.0,2.9349310337247936e-22
7560359318007214.0,4.0185869645695605e-22
7569556835425714.0,4.958378498306635e-22
7578754352844214.0,5.597458521731281e-22
7587951870262714.0,5.825418442043653e-22
7597149387681215.0,5.603591012759785e-22
7606346905099715.0,4.977783006056307e-22
7615544422518215.0,4.074164465033129e-22
7624741939936715.0,3.0775513275058024e-22
7633939457355216.0,2.197361628518467e-22
7643136974773716.0,1.6278927134927045e-22
7652334492192216.0,1.5096982993187808e-22
7661532009610716.0,1.9004310484765327e-22
7670729527029217.0,2.761783733055992e-22
7679927044447717.0,3.9650108070521238e-22
7689124561866217.0,5.313928046023196e-22
7698322079284717.0,6.581026387655752e-22
7707519596703218.0,7.550121709923255e-22
7716717114121718.0,8.057112680170383e-22
7725914631540218.0,8.019884385756619e-22
7735112148958718.0,7.451853192540795e-22
7744309666377219.0,6.457281924278379e-22
7753507183795719.0,5.2086260093998645e-22
7762704701214219.0,3.910620032087167e-22
7771902218632720.0,2.759296270597049e-22
7781099736051220.0,1.9037582438341413e-22
7790297253469720.0,1.4183674166214754e-22
7799494770888220.0,1.2917328126924801e-22
7808692288306721.0,1.4344138811887411e-22
7817889805725221.0,1.7034859592098433e-22
7827087323143721.0,1.9391988598356006e-22
7836284840562221.0,2.0057232752356498e-22
7845482357980722.0,1.8272689773520346e-22
7854679875399222.0,1.412200030535582e-22
7863877392817722.0,8.594082875696051e-23
7873074910236222.0,3.4460198883187474e-23
7882272427654723.0,8.882458797310096e-24
7891469945073223.0,3.151208097962349e-23
7900667462491723.0,1.2013245231273088e-22
7909864979910223.0,2.83802331305876e-22
7919062497328724.0,5.200684726790035e-22
7928260014747224.0,8.14212869038075e-22
7937457532165724.0,1.140694702583955e-21
7946655049584224.0,1.4666411647054355e-21
7955852567002725.0,1.75692445559951e-21
7965050084421225.0,1.9798892228721658e-21
7974247601839725.0,2.112658997148216e-21
7983445119258225.0,2.1451761243825475e-21
7992642636676726.0,2.082252236219632e-21
8001840154095226.0,1.9431381622867554e-21
8011037671513726.0,1.7586688091831003e-21
8020235188932227.0,1.566488884914897e-21
8029432706350727.0,1.405107409707052e-21
8038630223769227.0,1.3077162424197041e-21
8047827741187727.0,1.296789738484498e-21
8057025258606228.0,1.3804206069282172e-21
8066222776024728.0,1.5510068099022694e-21
8075420293443228.0,1.7863537032576884e-21
8084617810861728.0,2.052977852064797e-21
8093815328280229.0,2.3112310475743088e-21
8103012845698729.0,2.521356651118138e-21
8112210363117229.0,2.649344746614326e-21
8121407880535729.0,2.67180141103068e-21
8130605397954230.0,2.5792202564043026e-21
8139802915372730.0,2.3770607138541107e-21
8149000432791230.0,2.0845240045337335e-21
8158197950209730.0,1.731438123298231e-21
8167395467628231.0,1.3537909660751627e-21
8176592985046731.0,9.885869383168016e-22
8185790502465231.0,6.688472479932341e-22
8194988019883731.0,4.194776453882935e-22
8204185537302232.0,2.5456626023739062e-22
8213383054720732.0,1.7643980645643508e-22
8222580572139232.0,1.764404190866864e-22
8231778089557732.0,2.371548796303516e-22
8240975606976233.0,3.3568537486709793e-22
8250173124394733.0,4.473597314404385e-22
8259370641813233.0,5.492895275000648e-22
8268568159231734.0,6.233243353529501e-22
8277765676650234.0,6.579878204718312e-22
8286963194068734.0,6.49186275437953e-22
8296160711487234.0,5.99813700033379e-22
8305358228905735.0,5.184292738614226e-22
8314555746324235.0,4.172160477566581e-22
8323753263742735.0,3.0967966615982423e-22
8332950781161235.0,2.0853533980781747e-22
8342148298579736.0,1.239804230825176e-22
8351345815998236.0,6.254079355627155e-23
8360543333416736.0,2.6670884998870227e-23
8369740850835236.0,1.5030288178532844e-23
8378938368253737.0,2.3249243703643877e-23
8388135885672237.0,4.504624444919984e-23
8397333403090737.0,7.346842686251239e-23
8406530920509237.0,1.0200009017835077e-22
8415728437927738.0,1.2543493951155439e-22
8424925955346238.0,1.4043000187613768e-22
8434123472764738.0,1.456440525562049e-22
8443320990183238.0,1.4152990794725395e-22
8452518507601739.0,1.2993149823019565e-22
8461716025020239.0,1.1353804546660252e-22
8470913542438739.0,9.526917900299409e-23
8480111059857240.0,7.775467479209948e-23
8489308577275740.0,6.29898075650672e-23
8498506094694240.0,5.214533239036614e-23
8507703612112740.0,4.5537268044823705e-23
8516901129531241.0,4.2756372931511425e-23
8526098646949741.0,4.28910512051393e-23
8535296164368241.0,4.4779211943320464e-23
8544493681786741.0,4.725464616516174e-23
8553691199205242.0,4.934488338054761e-23
8562888716623742.0,5.038854612876108e-23
8572086234042242.0,5.007403200549832e-23
8581283751460742.0,4.8411282523890174e-23
8590481268879243.0,4.56557464541649e-23
8599678786297743.0,4.2210397616808834e-23
8608876303716243.0,3.851881977143875e-23
8618073821134743.0,3.496825594756939e-23
8627271338553244.0,3.1835114283445087e-23
8636468855971744.0,2.92707260785759e-23
8645666373390244.0,2.72994715980056e-23
8654863890808744.0,2.583613925036061e-23
8664061408227245.0,2.4734566150932272e-23
8673258925645745.0,2.383616418698569e-23
8682456443064245.0,2.2995945627669187e-23
8691653960482745.0,2.2103299765040984e-23
8700851477901246.0,2.1099919541523337e-23
8710048995319746.0,1.9978322645610535e-23
8719246512738246.0,1.8767089372850648e-23
8728444030156747.0,1.751587650293079e-23
8737641547575247.0,1.6280220071856533e-23
8746839064993747.0,1.5109973807793225e-23
8756036582412247.0,1.4042484344476728e-23
8765234099830748.0,1.3093799401016659e-23
8774431617249248.0,1.2256492045837791e-23
8783629134667748.0,1.151218254182535e-23
8792826652086248.0,1.08409997094628e-23
8802024169504749.0,1.0219755343754981e-23
8811221686923249.0,9.625749466676556e-24
8820419204341749.0,9.045628557142578e-24
8829616721760249.0,8.474141413862109e-24
8838814239178750.0,7.910265795906518e-24
8848011756597250.0,7.359990985468608e-24
8857209274015750.0,6.834099009217592e-24
8866406791434250.0,6.339589915154545e-24
8875604308852751.0,5.8791661939251606e-24
8884801826271251.0,5.4561316579077095e-24
8893999343689751.0,5.0722696688534766e-24
8903196861108251.0,4.72359036149397e-24
8912394378526752.0,4.403262987861234e-24
8921591895945252.0,4.106503892659538e-24
8930789413363752.0,3.830090511171156e-24
8939986930782252.0,3.569965257808402e-24
8949184448200753.0,3.322474035584547e-24
8958381965619253.0,3.08670866868239e-24
8967579483037753.0,2.8630999397527314e-24
8976777000456254.0,2.6511086569982194e-24
8985974517874754.0,2.4507642531890322e-24
8995172035293254.0,2.264049410662924e-24
9004369552711754.0,2.0919529720415763e-24
9013567070130254.0,1.9328085581037143e-24
9022764587548754.0,1.7852526442194812e-24
9031962104967256.0,1.6496243498475138e-24
9041159622385756.0,1.5258141796034011e-24
9050357139804256.0,1.4125312936212098e-24
9059554657222756.0,1.3081462420190916e-24
9068752174641256.0,1.2107920997215324e-24
9077949692059756.0,1.1193282275489208e-24
9087147209478256.0,1.034223824085732e-24
9096344726896756.0,9.555794145956594e-25
9105542244315258.0,8.819144615758387e-25
9114739761733758.0,8.124833460014943e-25
9123937279152258.0,7.480558609625393e-25
9133134796570758.0,6.886552127853976e-25
9142332313989258.0,6.334307897509405e-25
9151529831407758.0,5.823203864356604e-25
9160727348826258.0,5.354345816715767e-25
9169924866244758.0,4.921816278068473e-25
9179122383663260.0,4.5230411205958545e-25
9188319901081760.0,4.159302450618812e-25
9197517418500260.0,3.8252438348770957e-25
9206714935918760.0,3.5150357114798256e-25
9215912453337260.0,3.2302503746267507e-25
9225109970755760.0,2.970722557289639e-25
9234307488174260.0,2.730465702533582e-25
9243505005592762.0,2.5058607316899887e-25
9252702523011262.0,2.2969785407860366e-25
9261900040429762.0,2.103837003545866e-25
9271097557848262.0,1.926502200453842e-25
9280295075266762.0,1.7635068965397105e-25
9289492592685262.0,1.6116642869354315e-25
9298690110103762.0,1.4710545423307073e-25
9307887627522262.0,1.343774467552629e-25
9317085144940764.0,1.2280091059874036e-25
9326282662359264.0,1.1208389823863304e-25
9335480179777764.0,1.0226054395630083e-25
9344677697196264.0,9.332128612736012e-26
9353875214614764.0,8.506331801933814e-26
9363072732033264.0,7.745713829073212e-26
9372270249451764.0,7.056504763069782e-26
9381467766870264.0,6.430479849184489e-26
9390665284288766.0,5.861959316676589e-26
9399862801707266.0,5.346559662544972e-26
9409060319125766.0,4.864619603305436e-26
9418257836544266.0,4.409976426043095e-26
9427455353962766.0,4.004151798073156e-26
9436652871381266.0,3.6502318993183657e-26
9445850388799766.0,3.3210001496436155e-26
9455047906218268.0,3.008152106934777e-26
9464245423636768.0,2.729394463163909e-26
9473442941055268.0,2.486841785723478e-26
9482640458473768.0,2.267236932980261e-26
9491837975892268.0,2.0697964027506395e-26
9501035493310768.0,1.8958604127562066e-26
9510233010729268.0,1.7344143160198196e-26
9519430528147768.0,1.5829302388953843e-26
9528628045566270.0,1.4517354911098128e-26
9537825562984770.0,1.3379496979207322e-26
9547023080403270.0,1.2293459418341609e-26
9556220597821770.0,1.1291018782623186e-26
9565418115240270.0,1.044442542999351e-26
9574615632658770.0,9.684922442944213e-27
9583813150077270.0,8.964136773154713e-27
9593010667495770.0,8.330584259022209e-27
9602208184914272.0,7.752344963957221e-27
9611405702332772.0,7.16321930248514e-27
9620603219751272.0,6.626413443072801e-27
9629800737169772.0,6.190571648256802e-27
9638998254588272.0,5.766419687682302e-27
9648195772006772.0,5.315350374937392e-27
9657393289425272.0,4.9176352905409186e-27
9666590806843774.0,4.5840613009962175e-27
9675788324262274.0,4.233970310090814e-27
9684985841680774.0,3.85059782986119e-27
9694183359099274.0,3.485530231623347e-27
9703380876517774.0,3.1539166132969022e-27
9712578393936274.0,2.83172999858042e-27
9721775911354774.0,2.5136658043897835e-27
9730973428773274.0,2.2173663043954697e-27
9740170946191776.0,1.942327803050442e-27
9749368463610276.0,1.6659802477021097e-27
9758565981028776.0,1.3884585687882717e-27
9767763498447276.0,1.1364073266517091e-27
9776961015865776.0,9.174986851624807e-28
9786158533284276.0,7.173665971405017e-28
9795356050702776.0,5.374595907625491e-28
9804553568121276.0,3.93142897440042e-28
9813751085539778.0,2.8133221776159395e-28
9822948602958278.0,1.8817466550614356e-28
9832146120376778.0,1.1998951202682607e-28
9841343637795278.0,8.96300747663507e-29
9850541155213778.0,9.211595778951508e-29
9859738672632278.0,1.2267080109811838e-28
9868936190050778.0,1.856700601315405e-28
9878133707469278.0,2.798879759564246e-28
9887331224887780.0,4.0194544171891957e-28
9896528742306280.0,5.45074113008571e-28
9905726259724780.0,7.000328742735633e-28
9914923777143280.0,8.739996621726911e-28
9924121294561780.0,1.066467096228472e-27
9933318811980280.0,1.2570939476254478e-27
9942516329398780.0,1.4535999436604606e-27
9951713846817282.0,1.6580222863635206e-27
9960911364235782.0,1.8250237268164796e-27
9970108881654282.0,1.957390099486567e-27
9979306399072782.0,2.0939866662524762e-27
9988503916491282.0,2.1941820656452417e-27
9997701433909782.0,2.2412331573958592e-27
1.0006898951328282e+16,2.3019486492020106e-27
1.0016096468746782e+16,2.3451081748548862e-27
1.0025293986165284e+16,2.2844341076142574e-27
1.0034491503583784e+16,2.1739272304122037e-27
1.0043689021002284e+16,2.0618833022575954e-27
1.0052886538420784e+16,1.88749754786642e-27
1.0062084055839284e+16,1.6713394328933896e-27
1.0071281573257784e+16,1.4825114182581698e-27
1.0080479090676284e+16,1.2783829988866606e-27
1.0089676608094784e+16,1.0229324674701456e-27
1.0098874125513286e+16,7.656650460685201e-28
1.0108071642931786e+16,5.279743542187954e-28
1.0117269160350286e+16,3.143236117142564e-28
1.0126466677768786e+16,1.5183326294359976e-28
1.0135664195187286e+16,4.447447265015432e-29
1.0144861712605786e+16,3.4006003524064346e-32
1.0154059230024286e+16,5.082822549342404e-29
1.0163256747442788e+16,2.1211821291273565e-28
1.0172454264861288e+16,5.060800186927225e-28
1.0181651782279788e+16,9.77836687784015e-28
1.0190849299698288e+16,1.6564465448313033e-27
1.0200046817116788e+16,2.5562942441295617e-27
1.0209244334535288e+16,3.7134119096557244e-27
1.0218441851953788e+16,5.1923497517794775e-27
1.0227639369372288e+16,7.018687906985197e-27
1.023683688679079e+16,9.175682666166934e-27
1.024603440420929e+16,1.1750647267197335e-26
1.025523192162779e+16,1.4880516961069697e-26
1.026442943904629e+16,1.854887739062448e-26
1.027362695646479e+16,2.274247051721604e-26
1.028282447388329e+16,2.7580836963095395e-26
1.029202199130179e+16,3.307092736794432e-26
1.030121950872029e+16,3.919082762072486e-26
1.0310417026138792e+16,4.6103529247123086e-26
1.0319614543557292e+16,5.383238185339098e-26
1.0328812060975792e+16,6.22417591009339e-26
1.0338009578394292e+16,7.142550060299232e-26
1.0347207095812792e+16,8.136619214816405e-26
1.0356404613231292e+16,9.175969921555534e-26
1.0365602130649792e+16,1.0271144023424927e-25
1.0374799648068294e+16,1.1447920546447125e-25
1.0383997165486794e+16,1.267035002857617e-25
1.0393194682905294e+16,1.3909535940106388e-25
1.0402392200323794e+16,1.518546914969984e-25
1.0411589717742294e+16,1.648577111526889e-25
1.0420787235160794e+16,1.7779436527639828e-25
1.0429984752579294e+16,1.9059043845800087e-25
1.0439182269997794e+16,2.0292162069288747e-25
1.0448379787416296e+16,2.14491405586199e-25
1.0457577304834796e+16,2.254380099292268e-25
1.0466774822253296e+16,2.356721678200772e-25
1.0475972339671796e+16,2.448880942694794e-25
1.0485169857090296e+16,2.530111608262543e-25
1.0494367374508796e+16,2.5996512693589885e-25
1.0503564891927296e+16,2.6578126446069763e-25
1.0512762409345796e+16,2.705007805869269e-25
1.0521959926764298e+16,2.7370254602456992e-25
1.0531157444182798e+16,2.752106840463384e-25
1.0540354961601298e+16,2.7545390716074693e-25
1.0549552479019798e+16,2.745255714498339e-25
1.0558749996438298e+16,2.722600843986168e-25
1.0567947513856798e+16,2.688352859885869e-25
1.0577145031275298e+16,2.6444814636557875e-25
1.0586342548693798e+16,2.5926066547444974e-25
1.05955400661123e+16,2.5345150344554953e-25
1.06047375835308e+16,2.4692741750970257e-25
1.06139351009493e+16,2.3980424502106964e-25
1.06231326183678e+16,2.3254290721690346e-25
1.06323301357863e+16,2.250410006017793e-25
1.06415276532048e+16,2.1700631712239233e-25
1.06507251706233e+16,2.0892026446092813e-25
1.0659922688041802e+16,2.0118319794250482e-25
1.0669120205460302e+16,1.936068194376172e-25
1.0678317722878802e+16,1.8641627576893655e-25
1.0687515240297302e+16,1.7992995873846006e-25
1.0696712757715802e+16,1.7379930636329957e-25
1.0705910275134302e+16,1.6793632387653575e-25
1.0715107792552802e+16,1.6264904836454255e-25
1.0724305309971302e+16,1.5782478169928543e-25
1.0733502827389804e+16,1.5353552310929331e-25
1.0742700344808304e+16,1.5013013575856548e-25
1.0751897862226804e+16,1.4737172464109338e-25
1.0761095379645304e+16,1.4518729425458171e-25
1.0770292897063804e+16,1.440369433320722e-25
1.0779490414482304e+16,1.4378473293242947e-25
1.0788687931900804e+16,1.4414034821547918e-25
1.0797885449319304e+16,1.4533783686629755e-25
1.0807082966737806e+16,1.472528678897787e-25
1.0816280484156306e+16,1.4977442890800937e-25
1.0825478001574806e+16,1.5339371121947447e-25
1.0834675518993306e+16,1.5793687420815626e-25
1.0843873036411806e+16,1.6289849545188027e-25
1.0853070553830306e+16,1.6879723206374868e-25
1.0862268071248806e+16,1.7583439962648472e-25
1.0871465588667308e+16,1.8328594869257367e-25
1.0880663106085808e+16,1.911462511070463e-25
1.0889860623504308e+16,1.9961249118873105e-25
1.0899058140922808e+16,2.081606280657403e-25
1.0908255658341308e+16,2.1682293871843583e-25
1.0917453175759808e+16,2.2582780595229465e-25
1.0926650693178308e+16,2.345014544667089e-25
1.0935848210596808e+16,2.426500644975404e-25
1.094504572801531e+16,2.5065547011020874e-25
1.095424324543381e+16,2.5802940207818767e-25
1.096344076285231e+16,2.644985423451385e-25
1.097263828027081e+16,2.7064138118804915e-25
1.098183579768931e+16,2.7624818609535835e-25
1.099103331510781e+16,2.807155325474525e-25
1.100023083252631e+16,2.84318538423586e-25
1.100942834994481e+16,2.872690507407826e-25
1.1018625867363312e+16,2.8947764662035937e-25
1.1027823384781812e+16,2.9141377868610786e-25
1.1037020902200312e+16,2.9332661924820873e-25
1.1046218419618812e+16,2.9475066858325367e-25
1.1055415937037312e+16,2.95615509457787e-25
1.1064613454455812e+16,2.9631014319509456e-25
1.1073810971874312e+16,2.9690501676433665e-25
1.1083008489292814e+16,2.974286439893151e-25
1.1092206006711314e+16,2.9808820195442973e-25
1.1101403524129814e+16,2.988162657060365e-25
1.1110601041548314e+16,2.993903922062549e-25
1.1119798558966814e+16,2.9981610247249125e-25
1.1128996076385314e+16,3.0009282131544136e-25
1.1138193593803814e+16,3.000101641354693e-25
1.1147391111222314e+16,2.994116669207209e-25
1.1156588628640816e+16,2.9834369326523875e-25
1.1165786146059316e+16,2.968874734609649e-25
1.1174983663477816e+16,2.949729487536229e-25
1.1184181180896316e+16,2.923455504893132e-25
1.1193378698314816e+16,2.8879001134991497e-25
1.1202576215733316e+16,2.8441929800614396e-25
1.1211773733151816e+16,2.7953815843653455e-25
1.1220971250570316e+16,2.7427229712004933e-25
1.1230168767988818e+16,2.6859504209599894e-25
1.1239366285407318e+16,2.6252577957335114e-25
1.1248563802825818e+16,2.5608573221545796e-25
1.1257761320244318e+16,2.493291525805359e-25
1.1266958837662818e+16,2.424546524795024e-25
1.1276156355081318e+16,2.356116179706132e-25
1.1285353872499818e+16,2.2871628310364697e-25
1.1294551389918318e+16,2.216941416192742e-25
1.130374890733682e+16,2.1475263807439367e-25
1.131294642475532e+16,2.0815352135032173e-25
1.132214394217382e+16,2.0183606615696972e-25
1.133134145959232e+16,1.9563112304266833e-25
1.134053897701082e+16,1.8960053423147233e-25
1.134973649442932e+16,1.8369654789394326e-25
1.135893401184782e+16,1.776665641679187e-25
1.1368131529266322e+16,1.7167640746066636e-25
1.1377329046684822e+16,1.6612509588683745e-25
1.1386526564103322e+16,1.6086081516374536e-25
1.1395724081521822e+16,1.5554344258990237e-25
1.1404921598940322e+16,1.5024946034614098e-25
1.1414119116358822e+16,1.4510321272147533e-25
1.1423316633777322e+16,1.401827669200285e-25
1.1432514151195822e+16,1.357730721706617e-25
1.1441711668614324e+16,1.3183975581369838e-25
1.1450909186032824e+16,1.2791244803876112e-25
1.1460106703451324e+16,1.2401801876102238e-25
1.1469304220869824e+16,1.2056748272508577e-25
1.1478501738288324e+16,1.1742666323948007e-25
1.1487699255706824e+16,1.1460781992506195e-25
1.1496896773125324e+16,1.1282818562042966e-25
1.1506094290543824e+16,1.1169653400983205e-25
1.1515291807962326e+16,1.0957803945725027e-25
1.1524489325380826e+16,1.068929231999571e-25
1.1533686842799326e+16,1.0625086326909824e-25
1.1542884360217826e+16,1.0783587725514242e-25
1.1552081877636326e+16,1.0841256221352738e-25
1.1561279395054826e+16,1.0654707900644454e-25
1.1570476912473326e+16,1.053605749982657e-25
1.1579674429891828e+16,1.0753074703474127e-25
1.1588871947310328e+16,1.106111515166986e-25
1.1598069464728828e+16,1.1159557625643977e-25
1.1607266982147328e+16,1.1235999309250431e-25
1.1616464499565828e+16,1.1451958853735734e-25
1.1625662016984328e+16,1.1541762907421936e-25
1.1634859534402828e+16,1.1615573626317584e-25
1.1644057051821328e+16,1.2236961074422832e-25
1.165325456923983e+16,1.3021451705837912e-25
1.166245208665833e+16,1.2846661195068702e-25
1.167164960407683e+16,1.2158482139544466e-25
1.168084712149533e+16,1.282157698193378e-25
1.169004463891383e+16,1.4716158793435023e-25
1.169924215633233e+16,1.5256856521058783e-25
1.170843967375083e+16,1.3843494334328561e-25
1.171763719116933e+16,1.346499677103314e-25
1.1726834708587832e+16,1.5548194659915778e-25
1.1736032226006332e+16,1.7190596064730677e-25
1.1745229743424832e+16,1.6486836611833468e-25
1.1754427260843332e+16,1.5804230541408905e-25
1.1763624778261832e+16,1.6645639115096914e-25
1.1772822295680332e+16,1.7179172255465468e-25
1.1782019813098832e+16,1.7465730103236323e-25
1.1791217330517334e+16,1.9535227723904336e-25
1.1800414847935834e+16,2.078569207112679e-25
1.1809612365354334e+16,1.7558113869038484e-25
1.1818809882772834e+16,1.5358246511482453e-25
1.1828007400191334e+16,2.1293507026207133e-25
1.1837204917609834e+16,2.753005033295676e-25
1.1846402435028334e+16,2.1905300003719175e-25
1.1855599952446834e+16,1.304751783320797e-25
1.1864797469865336e+16,1.881457288519666e-25
1.1873994987283836e+16,3.1737220427065207e-25
1.1883192504702336e+16,2.8918771134587085e-25
1.1892390022120836e+16,1.4851743518518664e-25
1.1901587539539336e+16,1.5225398012350635e-25
1.1910785056957836e+16,2.912857201709958e-25
1.1919982574376336e+16,3.1254312726920542e-25
1.1929180091794836e+16,1.9940112478278584e-25
1.1938377609213338e+16,1.6643975888688275e-25
1.1947575126631838e+16,2.279375701903855e-25
1.1956772644050338e+16,2.3799526136266623e-25
1.1965970161468838e+16,2.308856837265187e-25
1.1975167678887338e+16,2.7075393063030275e-25
1.1984365196305838e+16,2.248446827163692e-25
1.1993562713724338e+16,1.1181013246177326e-25
1.2002760231142838e+16,2.174607496137745e-25
1.201195774856134e+16,4.611964779195083e-25
1.202115526597984e+16,3.6416100480482233e-25
1.203035278339834e+16,4.080456033828106e-26
1.203955030081684e+16,1.906468774953572e-25
1.204874781823534e+16,7.001223417256012e-25
1.205794533565384e+16,6.4079250168434375e-25
1.206714285307234e+16,9.226050240687237e-26
1.2076340370490842e+16,1.9829245187272946e-25
1.2085537887909342e+16,9.32099388481507e-25
1.2094735405327842e+16,9.571266808645483e-25
1.2103932922746342e+16,2.3364141557516303e-25
1.2113130440164842e+16,2.4915224068821212e-25
1.2122327957583342e+16,1.1008183932483639e-24
1.2131525475001842e+16,1.1885543672219063e-24
1.2140722992420342e+16,3.7036730786854995e-25
1.2149920509838844e+16,3.1112562026001893e-25
1.2159118027257344e+16,1.1689134146726635e-24
1.2168315544675844e+16,1.2543479892408098e-24
1.2177513062094344e+16,4.22343644958629e-25
1.2186710579512844e+16,3.468381867153508e-25
1.2195908096931344e+16,1.129241120864978e-24
1.2205105614349844e+16,1.1476319374529519e-24
1.2214303131768344e+16,3.729615505300485e-25
1.2223500649186846e+16,3.4508212865900155e-25
1.2232698166605346e+16,1.0025588724788937e-24
1.2241895684023846e+16,9.186847103777115e-25
1.2251093201442346e+16,2.601937778998473e-25
1.2260290718860846e+16,3.1924345088044897e-25
1.2269488236279346e+16,8.245297809152433e-25
1.2278685753697846e+16,6.41492267515934e-25
1.2287883271116348e+16,1.4147113340357312e-25
1.2297080788534848e+16,2.8854803544882896e-25
1.2306278305953348e+16,6.293054401280176e-25
1.2315475823371848e+16,3.8172619338122484e-25
1.2324673340790348e+16,5.991271177098603e-26
1.2333870858208848e+16,2.615000196172658e-25
1.2343068375627348e+16,4.403797324953803e-25
1.2352265893045848e+16,1.8040745492057876e-25
1.236146341046435e+16,2.998013046864517e-26
1.237066092788285e+16,2.350136822618036e-25
1.237985844530135e+16,2.7467398139192192e-25
1.238905596271985e+16,5.498187912840303e-26
1.239825348013835e+16,4.250806648299915e-26
1.240745099755685e+16,2.0369027651327015e-25
1.241664851497535e+16,1.4705368803596025e-25
1.242584603239385e+16,4.0904079629943616e-27
1.2435043549812352e+16,7.668658675896428e-26
1.2444241067230852e+16,1.6666814843112995e-25
1.2453438584649352e+16,6.75395675259418e-26
1.2462636102067852e+16,1.2219733381109564e-26
1.2471833619486352e+16,1.1346725819027853e-25
1.2481031136904852e+16,1.3251529505613804e-25
1.2490228654323352e+16,4.049083711046522e-26
1.2499426171741854e+16,5.70098908059612e-26
1.2508623689160354e+16,1.422974258613144e-25
1.2517821206578854e+16,1.1369063160408068e-25
1.2527018723997354e+16,5.957437515844455e-26
1.2536216241415854e+16,1.1439499990403148e-25
1.2545413758834354e+16,1.61407417447634e-25
1.2554611276252854e+16,1.1684868851781063e-25
1.2563808793671354e+16,1.054956119671451e-25
1.2573006311089856e+16,1.631121862859393e-25
1.2582203828508356e+16,1.7245913747721488e-25
1.2591401345926856e+16,1.3672112057721029e-25
1.2600598863345356e+16,1.5308287807010458e-25
1.2609796380763856e+16,1.8995309450471894e-25
1.2618993898182356e+16,1.7615376257547755e-25
1.2628191415600856e+16,1.584734693205108e-25
1.2637388933019356e+16,1.797510119069297e-25
1.2646586450437858e+16,1.8936705146133937e-25
1.2655783967856358e+16,1.694997221717837e-25
1.2664981485274858e+16,1.6470281310613726e-25
1.2674179002693358e+16,1.7424658284199333e-25
1.2683376520111858e+16,1.6586755742958566e-25
1.2692574037530358e+16,1.5096949996999376e-25
1.2701771554948858e+16,1.4838773624255188e-25
1.2710969072367358e+16,1.44493183865302e-25
1.272016658978586e+16,1.3230432947747289e-25
1.272936410720436e+16,1.2291613039132432e-25
1.273856162462286e+16,1.1666877175608137e-25
1.274775914204136e+16,1.0793741728177964e-25
1.275695665945986e+16,9.93271926377315e-26
1.276615417687836e+16,9.253933607480912e-26
1.277535169429686e+16,8.568038718791912e-26
1.2784549211715362e+16,7.939226545285838e-26
1.2793746729133862e+16,7.429671275243714e-26
1.2802944246552362e+16,6.954705103133661e-26
1.2812141763970862e+16,6.546519405944189e-26
1.2821339281389362e+16,6.227316387819265e-26
1.2830536798807862e+16,5.941954079733436e-26
1.2839734316226362e+16,5.703616431018238e-26
1.2848931833644862e+16,5.521015656255348e-26
1.2858129351063364e+16,5.357966468041591e-26
1.2867326868481864e+16,5.219229585535184e-26
1.2876524385900364e+16,5.110037182334533e-26
1.2885721903318864e+16,5.009213071501551e-26
1.2894919420737364e+16,4.91949089879018e-26
1.2904116938155864e+16,4.846087171410885e-26
1.2913314455574364e+16,4.778313075770943e-26
1.2922511972992864e+16,4.7182449332051534e-26
1.2931709490411366e+16,4.670375284072391e-26
1.2940907007829866e+16,4.629305405115397e-26
1.2950104525248366e+16,4.5954893848432707e-26
1.2959302042666866e+16,4.571136106565846e-26
1.2968499560085366e+16,4.55244309098517e-26
1.2977697077503866e+16,4.537883609309894e-26
1.2986894594922366e+16,4.5273340400855674e-26
1.2996092112340868e+16,4.5175143819614907e-26
1.3005289629759368e+16,4.5060380268055366e-26
1.3014487147177868e+16,4.491840565715571e-26
1.3023684664596368e+16,4.4726553653965446e-26
1.3032882182014868e+16,4.4466722037986687e-26
1.3042079699433368e+16,4.413185417067408e-26
1.3051277216851868e+16,4.3712635955318943e-26
1.3060474734270368e+16,4.320174421227119e-26
1.306967225168887e+16,4.2598498079821094e-26
1.307886976910737e+16,4.1902707561051686e-26
1.308806728652587e+16,4.111425931110052e-26
1.309726480394437e+16,4.023581004214573e-26
1.310646232136287e+16,3.927098271705124e-26
1.311565983878137e+16,3.822335924687427e-26
1.312485735619987e+16,3.709786283990285e-26
1.313405487361837e+16,3.5900931342865916e-26
1.3143252391036872e+16,3.463989917534466e-26
1.3152449908455372e+16,3.332326119412193e-26
1.3161647425873872e+16,3.1960955087846514e-26
1.3170844943292372e+16,3.0563828881866757e-26
1.3180042460710872e+16,2.9143068941337245e-26
1.3189239978129372e+16,2.7709988724272903e-26
1.3198437495547872e+16,2.6275572253893895e-26
1.3207635012966374e+16,2.4849820764347803e-26
1.3216832530384874e+16,2.344148755374475e-26
1.3226030047803374e+16,2.205802633148761e-26
1.3235227565221874e+16,2.0705451317129892e-26
1.3244425082640374e+16,1.9388396584003187e-26
1.3253622600058874e+16,1.811042759573078e-26
1.3262820117477374e+16,1.687427987343141e-26
1.3272017634895874e+16,1.568203399184141e-26
1.3281215152314376e+16,1.4535358323937088e-26
1.3290412669732876e+16,1.3435665665894005e-26
1.3299610187151376e+16,1.2384111568835959e-26
1.3308807704569876e+16,1.1381574165452356e-26
1.3318005221988376e+16,1.0428632225786481e-26
1.3327202739406876e+16,9.525487332183355e-27
1.3336400256825376e+16,8.671909010231329e-27
1.3345597774243876e+16,7.867263683399346e-27
1.3354795291662378e+16,7.110579418748106e-27
1.3363992809080878e+16,6.400634228718362e-27
1.3373190326499378e+16,5.736089447356909e-27
1.3382387843917878e+16,5.115626028657873e-27
1.3391585361336378e+16,4.538036080228841e-27
1.3400782878754878e+16,4.0022728187583184e-27
1.3409980396173378e+16,3.507456561207504e-27
1.3419177913591878e+16,3.052821904879892e-27
1.342837543101038e+16,2.637624475599337e-27
1.343757294842888e+16,2.261039082386933e-27
1.344677046584738e+16,1.9220631594575013e-27
1.345596798326588e+16,1.619439927405351e-27
1.346516550068438e+16,1.3516205583211167e-27
1.347436301810288e+16,1.1167677838730579e-27
1.348356053552138e+16,9.127907714240067e-28
1.3492758052939882e+16,7.374032442125575e-28
1.3501955570358382e+16,5.881942153282817e-28
1.3511153087776882e+16,4.626966002539858e-28
1.3520350605195382e+16,3.5844504613756548e-28
1.3529548122613882e+16,2.730212799897981e-28
1.3538745640032382e+16,2.0408682929157943e-28
1.3547943157450882e+16,1.4940552549945329e-28
1.3557140674869382e+16,1.068611465512072e-28
1.3566338192287884e+16,7.447420943319045e-29
1.3575535709706384e+16,5.041916163181973e-29
1.3584733227124884e+16,3.3041922257723344e-29
1.3593930744543384e+16,2.087627178984984e-29
1.3603128261961884e+16,1.265617601347401e-29
1.3612325779380384e+16,7.321357432648723e-30
1.3621523296798884e+16,4.014567200217464e-30
1.3630720814217384e+16,2.0700770090151494e-30
1.3639918331635886e+16,9.941457408483699e-31
1.3649115849054386e+16,4.394534683784493e-31
1.3658313366472886e+16,1.762189119149307e-31
1.3667510883891386e+16,6.294594789115914e-32
1.3676708401309886e+16,1.9572676654985097e-32
1.3685905918728386e+16,5.142966019860984e-33
1.3695103436146886e+16,1.0984366516443099e-33
1.3704300953565388e+16,1.8104936080570217e-34
1.3713498470983888e+16,2.1451916943680928e-35
1.3722695988402388e+16,1.6530371248995843e-36
1.3731893505820888e+16,7.158561807006768e-38
1.3741091023239388e+16,1.4103281639141661e-39
1.3750288540657888e+16,9.549687409885703e-42
1.3759486058076388e+16,8.334291731903548e-45
1.3768683575494888e+16,1.7156411857433448e-44
1.377788109291339e+16,1.4858290517574675e-44
1.378707861033189e+16,1.281164470899534e-44
1.379627612775039e+16,1.1049976428999267e-44
1.380547364516889e+16,9.519761357125209e-45
