"Omega, /s",Intensity
239135452881006.75,5.723768866227023e-41
248332970299507.0,1.6880723387171238e-41
257530487718007.28,8.917573399323072e-41
266728005136507.53,8.144556982140295e-41
275925522555007.78,9.970078911320464e-41
285123039973508.06,2.5237933644314124e-40
294320557392008.3,3.889486600743369e-40
303518074810508.56,6.601701563188872e-40
312715592229008.8,7.534102948984437e-40
321913109647509.06,1.767530900454705e-39
331110627066009.4,5.7607492615291836e-39
340308144484509.6,4.865423011039188e-39
349505661903009.9,3.5137057245283153e-38
358703179321510.1,3.014828271295724e-38
367900696740010.4,3.981254502570151e-38
377098214158510.6,9.490403431336828e-38
386295731577010.94,4.818512815950244e-37
395493248995511.2,8.295928030498978e-37
404690766414011.44,4.234228076745436e-37
413888283832511.7,3.016631241204453e-36
423085801251011.94,5.0989064832580384e-37
432283318669512.2,2.4695296992100464e-35
441480836088012.5,4.078856173542486e-34
450678353506512.75,7.196247503242304e-34
459875870925013.0,8.340809739722436e-34
469073388343513.25,1.736634080783055e-33
478270905762013.5,1.1640756710614685e-33
487468423180513.75,1.9096232553742367e-34
496665940599014.0,3.52475078474594e-34
505863458017514.3,2.2955832330924795e-33
515060975436014.56,1.7123000102192557e-33
524258492854514.8,1.4377166675136246e-33
533456010273015.06,9.682241400792901e-34
542653527691515.3,1.3887978193322107e-33
551851045110015.56,7.232352405681363e-36
561048562528515.9,1.0161259448713008e-34
570246079947016.1,3.085200639105378e-33
579443597365516.4,1.1235916873494159e-33
588641114784016.6,2.5199285552653047e-33
597838632202516.9,8.942294724680793e-34
607036149621017.1,1.1033788222949241e-32
616233667039517.4,2.169930458602315e-34
625431184458017.6,4.485603844303328e-33
634628701876517.9,7.919892059694684e-33
643826219295018.1,2.491096705427075e-33
653023736713518.5,8.250640405004066e-33
662221254132018.8,6.655980198469507e-33
671418771550519.0,1.5114367108896166e-32
680616288969019.2,3.4715617688437436e-32
689813806387519.5,1.3610551819897308e-32
699011323806019.8,1.978889786709285e-32
708208841224520.0,3.0557173724512686e-32
717406358643020.2,1.6593097977860725e-32
726603876061520.5,6.352025022786806e-32
735801393480020.8,8.223478217726623e-32
744998910898521.0,9.098559182164578e-32
754196428317021.2,1.34887167782641e-31
763393945735521.5,9.806794086261392e-32
772591463154021.9,1.2086842869639266e-31
781788980572522.1,3.001579946875749e-31
790986497991022.4,2.531275388163037e-31
800184015409522.6,3.4325767817493962e-31
809381532828022.9,3.695801775518069e-31
818579050246523.1,3.7184496584074166e-31
827776567665023.4,6.68242837757112e-31
836974085083523.6,8.32121938262362e-31
846171602502023.9,8.341255143762379e-31
855369119920524.1,1.3974095150327081e-30
864566637339024.4,1.3420159509981955e-30
873764154757524.6,1.2784835997144134e-30
882961672176025.0,2.5439553743360186e-30
892159189594525.2,2.3944053502768428e-30
901356707013025.5,2.311635148865562e-30
910554224431525.8,4.580323154052994e-30
919751741850026.0,3.547935311287084e-30
928949259268526.2,4.729048158410706e-30
938146776687026.5,8.088105233408045e-30
947344294105526.8,5.872894158578945e-30
956541811524027.0,9.364973508447119e-30
965739328942527.2,1.3253421336434332e-29
974936846361027.5,9.72046612148419e-30
984134363779527.8,1.753097747823933e-29
993331881198028.0,2.1512458529203027e-29
1002529398616528.4,1.56209825936718e-29
1011726916035028.6,3.3783513204683686e-29
1020924433453528.9,3.353725685299488e-29
1030121950872029.1,2.997654115567587e-29
1039319468290529.4,6.154984565399323e-29
1048516985709029.6,5.227499331476145e-29
1057714503127529.9,5.484778161185558e-29
1066912020546030.1,1.0789625654110044e-28
1076109537964530.4,8.085928087491506e-29
1085307055383030.6,1.0583526991543822e-28
1094504572801530.9,1.8313313764670638e-28
1103702090220031.1,1.220589411946825e-28
1112899607638531.4,2.0125516015194612e-28
1122097125057031.8,3.0105219157927553e-28
1131294642475532.0,2.0113150273889762e-28
1140492159894032.2,3.815863152390291e-28
1149689677312532.5,4.912099167626889e-28
1158887194731032.8,3.341113148928291e-28
1168084712149533.0,7.204105523504031e-28
1177282229568033.2,7.905984609776747e-28
1186479746986533.5,6.000261443197959e-28
1195677264405033.8,1.3159004825629008e-27
1204874781823534.0,1.2424177767080352e-27
1214072299242034.2,1.1046911577591654e-27
1223269816660534.5,2.3593612665276742e-27
1232467334079034.8,1.9599181666578483e-27
1241664851497535.0,2.0836758290769735e-27
1250862368916035.2,4.13848284240494e-27
1260059886334535.5,3.0617469152795405e-27
1269257403753035.8,3.9809172129008996e-27
1278454921171536.0,7.067992002645728e-27
1287652438590036.2,4.861941224766793e-27
1296849956008536.8,7.565866112194445e-27
1306047473427037.0,1.185648695707692e-26
1315244990845537.2,7.886913404712442e-27
1324442508264037.5,1.420788117009794e-26
1333640025682537.8,1.9355938317596564e-26
1342837543101038.0,1.3130347897577564e-26
1352035060519538.2,2.6105786814911945e-26
1361232577938038.5,3.1123741791966864e-26
1370430095356538.8,2.2593552348373239e-26
1379627612775039.0,4.68591384419471e-26
1388825130193539.2,4.908427963799334e-26
1398022647612039.5,3.982631137183144e-26
1407220165030539.8,8.217673479148416e-26
1416417682449040.0,7.698670879311251e-26
1425615199867540.2,7.126390613405246e-26
1434812717286040.5,1.4087579707900718e-25
1444010234704540.8,1.2067796964012205e-25
1453207752123041.0,1.2791144708945636e-25
1462405269541541.2,2.3742125409797566e-25
1471602786960041.5,1.9021043992099865e-25
1480800304378541.8,2.285641172757827e-25
1489997821797042.0,3.942061542595957e-25
1499195339215542.2,3.0189661600991523e-25
1508392856634042.5,4.043344096318599e-25
1517590374052542.8,6.485932674147917e-25
1526787891471043.0,4.82107108235032e-25
1535985408889543.5,7.086301589763833e-25
1545182926308043.8,1.0590987710329473e-24
1554380443726544.0,7.707276963171916e-25
1563577961145044.2,1.2319029584029302e-24
1572775478563544.5,1.7182067320343047e-24
1581972995982044.8,1.2275974589907018e-24
1591170513400545.0,2.1328695587766444e-24
1600368030819045.2,2.756433528932571e-24
1609565548237545.5,1.947298740896186e-24
1618763065656045.8,3.6845136104755754e-24
1627960583074546.0,4.350185757251602e-24
1637158100493046.2,3.088782237502702e-24
1646355617911546.5,6.344523257797069e-24
1655553135330046.8,6.702430666287028e-24
1664750652748547.0,4.9482193359969055e-24
1673948170167047.2,1.0847354298365362e-23
1683145687585547.5,9.997752236576536e-24
1692343205004047.8,8.113962590533268e-24
1701540722422548.0,1.8274750515231475e-23
1710738239841048.2,1.4353938941563356e-23
1719935757259548.5,1.3744112225197272e-23
1729133274678048.8,3.0076546810968116e-23
1738330792096549.0,1.9770231634629666e-23
1747528309515049.2,2.401673592913151e-23
1756725826933549.5,4.792133059865136e-23
1765923344352050.0,2.6256107379765465e-23
1775120861770550.2,4.2752439557241335e-23
1784318379189050.5,7.32866810760474e-23
1793515896607550.8,3.4253470143234075e-23
1802713414026051.0,7.609271417313745e-23
1811910931444551.2,1.0670373739477415e-22
1821108448863051.5,4.576482264317537e-23
1830305966281551.8,1.3291539880907801e-22
1839503483700052.0,1.4686298372612036e-22
1848701001118552.2,6.629173392146019e-23
1857898518537052.5,2.2467331778559204e-22
1867096035955552.8,1.896296291516048e-22
1876293553374053.0,1.0813260710766699e-22
1885491070792553.2,3.636016917776018e-22
1894688588211053.5,2.285945292687191e-22
1903886105629553.8,1.9418293581796683e-22
1913083623048054.0,5.596737755550323e-22
1922281140466554.2,2.5665918633256795e-22
1931478657885054.5,3.62113030583532e-22
1940676175303554.8,8.146798289315729e-22
1949873692722055.0,2.733493646715053e-22
1959071210140555.2,6.698649248889899e-22
1968268727559055.5,1.112026907061082e-21
1977466244977555.8,2.9840032223148034e-22
1986663762396056.0,1.1755794732397953e-21
1995861279814556.2,1.4380753963197715e-21
2005058797233056.8,3.6936650467635905e-22
2014256314651557.0,2.00735606734966e-21
2023453832070057.2,1.6608668828989794e-21
2032651349488557.5,6.550964660300104e-22
2041848866907057.8,3.063010459171019e-21
2051046384325558.0,1.9511672822586353e-21
2060243901744058.2,1.218692997570687e-21
2069441419162558.5,4.88071581843271e-21
2078638936581058.8,1.6200736189320678e-21
2087836453999559.0,2.3580113568104093e-21
2097033971418059.2,7.009251590305592e-21
2106231488836559.5,1.5078565326717795e-21
2115429006255059.8,6.154069697572036e-21
2124626523673560.0,8.569999342301656e-21
2133824041092060.2,1.7301322692266105e-21
2143021558510560.5,6.172275054837142e-21
2152219075929060.8,1.5381389969194983e-20
2161416593347561.0,2.311693839897457e-22
2170614110766061.2,2.8594903429713075e-20
2179811628184561.5,6.588657323559255e-21
2189009145603061.8,2.6399532566846674e-20
2198206663021562.0,5.959507461229934e-21
2207404180440062.2,1.0003175429432781e-19
2216601697858562.5,6.247536132394798e-20
2225799215277062.8,8.739262851812738e-20
2234996732695563.0,1.721723168353804e-21
2244194250114063.5,2.465992807162911e-19
2253391767532563.5,1.3447559237259225e-19
2262589284951064.0,3.221942723407122e-19
2271786802369564.0,3.371697090555206e-19
2280984319788064.5,2.9948078380606184e-19
2290181837206564.5,3.8803452823343973e-19
2299379354625065.0,1.9183149819377365e-18
2308576872043565.0,7.194894352058792e-18
2317774389462065.5,3.811790637484363e-18
2326971906880565.5,4.731513815815616e-18
2336169424299066.0,1.1288566103056878e-18
2345366941717566.0,1.106879551151418e-18
2354564459136066.5,4.871581335743282e-18
2363761976554567.0,6.824929097531896e-18
2372959493973067.0,3.141120071175248e-18
2382157011391567.5,4.4267051401571824e-18
2391354528810067.5,7.175494572678622e-18
2400552046228568.0,4.396570003369394e-18
2409749563647068.0,1.1360572791314308e-17
2418947081065568.5,4.7528152003530926e-18
2428144598484068.5,4.979536388795049e-19
2437342115902569.0,1.2326160576744682e-18
2446539633321069.0,1.1436461261144873e-19
2455737150739569.5,4.2126107517026676e-19
2464934668158069.5,1.6859016344855546e-19
2474132185576570.0,3.0751234018260275e-19
2483329702995070.0,1.9745626436102092e-19
2492527220413570.5,1.054397459149413e-19
2501724737832070.5,3.344767434951692e-20
2510922255250571.0,1.8562013634033154e-19
2520119772669071.0,1.9062862823375543e-20
2529317290087571.5,2.5368208802396168e-20
2538514807506071.5,1.2195595388249366e-20
2547712324924572.0,8.991038642208479e-21
2556909842343072.0,7.956410191583835e-22
2566107359761572.5,2.70224096318181e-20
2575304877180072.5,5.076315249262411e-21
2584502394598573.0,1.0988791270153964e-20
2593699912017073.5,6.000661784261805e-21
2602897429435573.5,3.2806782669584206e-23
2612094946854074.0,2.8701982905077325e-21
2621292464272574.0,4.522499154484276e-21
2630489981691074.5,2.4982442726591524e-22
2639687499109574.5,4.610140352068802e-21
2648885016528075.0,2.660094643232635e-21
2658082533946575.0,2.6720351843966634e-22
2667280051365075.5,2.9960038311594686e-21
2676477568783575.5,8.924647136517733e-22
2685675086202076.0,2.6057757645537713e-22
2694872603620576.0,1.8869790571058114e-21
2704070121039076.5,5.237424722740319e-22
2713267638457576.5,4.5688711261011795e-22
2722465155876077.0,1.3474680133579697e-21
2731662673294577.0,1.74899853473508e-22
2740860190713077.5,4.800847776223278e-22
2750057708131577.5,7.45883345196486e-22
2759255225550078.0,6.176935524672796e-23
2768452742968578.0,4.0669648792861747e-22
2777650260387078.5,4.314219918846427e-22
2786847777805578.5,4.4035003960568674e-23
2796045295224079.0,3.3023733633894535e-22
2805242812642579.0,2.25348536599671e-22
2814440330061079.5,4.701794900643993e-23
2823637847479579.5,2.292422387363705e-22
2832835364898080.0,1.1112471684191928e-22
2842032882316580.5,5.120464538669137e-23
2851230399735080.5,1.493695964002949e-22
2860427917153581.0,5.648257479981452e-23
2869625434572081.0,4.925776870349194e-23
2878822951990581.5,9.020182678045797e-23
2888020469409081.5,3.121118051361875e-23
2897217986827582.0,4.0183525682254835e-23
2906415504246082.0,5.133004129468612e-23
2915613021664582.5,2.0483532323276488e-23
2924810539083082.5,2.902233928836089e-23
2934008056501583.0,2.8799433392692644e-23
2943205573920083.0,1.5209791398201825e-23
2952403091338583.5,1.8767844253726884e-23
2961600608757083.5,1.6670554611543027e-23
2970798126175584.0,1.1440901038339423e-23
2979995643594084.0,1.1048500282221545e-23
2989193161012584.5,1.0528009507048899e-23
2998390678431084.5,8.142920366747226e-24
3007588195849585.0,6.127885073525402e-24
3016785713268085.0,7.32144552013557e-24
3025983230686585.5,5.27880659675557e-24
3035180748105085.5,3.4104065942974375e-24
3044378265523586.0,5.3572998492672245e-24
3053575782942086.0,3.0548353513337854e-24
3062773300360586.5,2.1006259202612784e-24
3071970817779087.0,3.8996914387915966e-24
3081168335197587.0,1.550406923976667e-24
3090365852616087.5,1.5229622401545311e-24
3099563370034587.5,2.7096913942464182e-24
3108760887453088.0,6.750114558965512e-25
3117958404871588.0,1.2374895697404922e-24
3127155922290088.5,1.7574683155817064e-24
3136353439708588.5,2.505410145628603e-25
3145550957127089.0,1.0276617182499586e-24
3154748474545589.0,1.0488515265848621e-24
3163945991964089.5,9.42069416991564e-26
3173143509382589.5,8.201763961261864e-25
3182341026801090.0,5.6847276546043805e-25
3191538544219590.0,6.506238726552486e-26
3200736061638090.5,6.135286873880359e-25
3209933579056590.5,2.749653654877494e-25
3219131096475091.0,7.691837773723053e-26
3228328613893591.0,4.272312085143422e-25
3237526131312091.5,1.146521158863567e-25
3246723648730591.5,8.906928933119664e-26
3255921166149092.0,2.764024689086434e-25
3265118683567592.0,3.8359131164464323e-26
3274316200986092.5,8.897444628236777e-26
3283513718404592.5,1.6563945621462127e-25
3292711235823093.0,8.651772208393336e-27
3301908753241593.5,7.749934458404198e-26
3311106270660093.5,9.205184381238872e-26
3320303788078594.0,8.878086269588455e-28
3329501305497094.0,6.086536854130454e-26
3338698822915594.5,4.6970424880494414e-26
3347896340334094.5,1.2463944560384084e-27
3357093857752595.0,4.380981419408563e-26
3366291375171095.0,2.1721946904166466e-26
3375488892589595.5,3.2642352916120665e-27
3384686410008095.5,2.8971070716416376e-26
3393883927426596.0,8.930765277658188e-27
3403081444845096.0,4.520523921032174e-27
3412278962263596.5,1.7971188514180537e-26
3421476479682096.5,3.0608733591066003e-27
3430673997100597.0,4.666402680532883e-27
3439871514519097.0,1.0390892293971554e-26
3449069031937597.5,8.025987169512494e-28
3458266549356097.5,4.042852640994064e-27
3467464066774598.0,5.706129849880251e-27
3476661584193098.0,1.2885190889238148e-28
3485859101611598.5,3.1561899186549332e-27
3495056619030098.5,2.880435556150944e-27
3504254136448599.0,5.68064338464361e-29
3513451653867099.0,2.2500777037828653e-27
3522649171285599.5,1.3425961084645761e-27
3531846688704100.0,1.303415443501588e-28
3541044206122600.0,1.4699589919357154e-27
3550241723541100.5,5.9277111018262485e-28
3559439240959600.5,1.9308472778830387e-28
3568636758378101.0,9.118193067336902e-28
3577834275796601.0,2.2890371267533333e-28
3587031793215101.5,1.983039239896117e-28
3596229310633601.5,5.3274504948132385e-28
3605426828052102.0,8.137481381938616e-29
3614624345470602.0,1.7706472549974674e-28
3623821862889102.5,2.9261462709798465e-28
3633019380307602.5,2.958815257069638e-29
3642216897726103.0,1.3907857407238337e-28
3651414415144603.0,1.586235013165769e-28
3660611932563103.5,1.5095913208041932e-29
3669809449981603.5,9.330571522354636e-29
3679006967400104.0,8.167384292922186e-29
3688204484818604.0,1.1405238486560184e-29
3697402002237104.5,6.277551681611083e-29
3706599519655604.5,4.2062160782588474e-29
3715797037074105.0,9.189092549242442e-30
3724994554492605.0,3.8963993803282896e-29
3734192071911105.5,2.3648080026045722e-29
3743389589329605.5,6.865526783409492e-30
3752587106748106.0,2.288350120162907e-29
3761784624166606.0,1.440595903396058e-29
3770982141585106.5,4.544606673676001e-30
3780179659003607.0,1.4688116329172035e-29
3789377176422107.0,7.959761334788606e-30
3798574693840607.5,3.7495368389806746e-30
3807772211259107.5,9.99868401662773e-30
3816969728677608.0,4.120797988239884e-30
3826167246096108.0,2.2978519477329214e-30
3835364763514608.5,7.413635991580335e-30
3844562280933108.5,2.217614339290066e-30
3853759798351609.0,2.3548331218685893e-30
3862957315770109.0,4.5435338965594525e-30
3872154833188609.5,8.494289323707225e-31
3881352350607109.5,1.4704874055159771e-30
3890549868025610.0,3.12896239432686e-30
3899747385444110.0,3.4813063137003298e-31
3908944902862610.5,1.4892676615566645e-30
3918142420281110.5,2.559187604536007e-30
3927339937699611.0,1.0480058015113961e-31
3936537455118111.0,1.1669113969499434e-30
3945734972536611.5,1.0931833911761652e-30
3954932489955111.5,7.919596509443698e-32
3964130007373612.0,7.756118566271772e-31
3973327524792112.0,8.72854493277603e-31
3982525042210612.5,3.080083898980946e-32
3991722559629112.5,6.448335580088287e-31
4000920077047613.0,5.869999791350717e-31
4010117594466113.5,2.212423091618933e-31
4019315111884613.5,4.526767601032638e-31
4028512629303114.0,1.67150672743071e-31
4037710146721614.0,1.2103940710934287e-31
4046907664140114.5,3.2365230678708856e-31
4056105181558614.5,8.022062190685135e-32
4065302698977115.0,1.2141449662200967e-32
4074500216395615.0,4.345267873119976e-31
4083697733814115.5,2.2452371207169595e-32
4092895251232615.5,1.2539954085524196e-31
4102092768651116.0,8.315730438400578e-32
4111290286069616.0,4.9013804228042496e-33
4120487803488116.5,6.192160648325448e-32
4129685320906616.5,1.0078782610045897e-31
4138882838325117.0,1.8495278429859917e-32
4148080355743617.0,4.068465655434349e-32
4157277873162117.5,1.2006215323724754e-31
4166475390580617.5,3.227117140621417e-32
4175672907999118.0,1.126768368791717e-31
4184870425417618.0,3.323204645087176e-32
4194067942836118.5,9.756717851929024e-33
4203265460254618.5,5.732350969568412e-32
4212462977673119.0,3.4158403835717286e-32
4221660495091619.0,8.964561367596073e-32
4230858012510119.5,4.994562511202671e-32
4240055529928620.0,8.160711968285103e-32
4249253047347120.0,6.517248900439024e-32
4258450564765620.5,4.325578688700027e-32
4267648082184120.5,4.437557716789888e-33
4276845599602621.0,1.540929535574403e-33
4286043117021121.0,5.392855118732505e-32
4295240634439621.5,1.9685093218362558e-32
4304438151858121.5,1.2399825810037005e-31
4313635669276622.0,2.0361619319495482e-32
4322833186695122.0,6.303676927067433e-32
4332030704113622.5,2.3924801253970417e-32
4341228221532122.5,2.7879007482001633e-32
4350425738950623.0,5.264789448621125e-32
4359623256369123.0,4.7996750465645766e-32
4368820773787623.5,2.1507141692552307e-32
4378018291206123.5,1.393298515508103e-32
4387215808624624.0,2.885595719046935e-33
4396413326043124.0,2.673548373763278e-32
4405610843461624.5,6.831824894629912e-34
4414808360880124.5,2.743124018199473e-32
4424005878298625.0,6.989381618299106e-33
4433203395717125.0,2.845486292301234e-32
4442400913135625.5,1.3380831484116812e-32
4451598430554125.5,4.962453610915604e-33
4460795947972626.0,2.8196872230966603e-32
4469993465391126.0,6.539746084391166e-33
4479190982809626.5,7.271557808803636e-33
4488388500228127.0,7.153277281406196e-33
4497586017646627.0,1.2306747069930485e-32
4506783535065127.0,1.5156272926909657e-32
4515981052483628.0,7.422955422171279e-33
4525178569902128.0,7.654878552503531e-32
4534376087320628.0,1.9561894622842574e-32
4543573604739128.0,4.5514464998768427e-32
4552771122157629.0,5.776908894521238e-32
4561968639576129.0,1.273368211783804e-31
4571166156994629.0,5.367428443827516e-33
4580363674413129.0,7.39234315545192e-32
4589561191831630.0,4.93276038339593e-32
4598758709250130.0,3.8142814234119397e-32
4607956226668630.0,2.2722953814963542e-32
4617153744087130.0,7.73915522744938e-33
4626351261505631.0,1.3443285500944518e-32
4635548778924131.0,5.79983989024959e-33
4644746296342631.0,2.1051683485407236e-33
4653943813761131.0,1.0388750236896025e-32
4663141331179632.0,1.2309153973817467e-32
4672338848598132.0,5.741415888901564e-32
4681536366016632.0,2.5022780339843624e-32
4690733883435132.0,1.5645079524371747e-32
4699931400853633.0,3.1505081704827045e-32
4709128918272133.0,8.173720186503185e-32
4718326435690633.0,2.119007561707887e-31
4727523953109134.0,2.591241079348619e-32
4736721470527634.0,2.0651231848850087e-32
4745918987946134.0,5.581567354170706e-32
4755116505364634.0,1.4395582095685368e-31
4764314022783135.0,8.530909460198979e-32
4773511540201635.0,3.145751114591756e-33
4782709057620135.0,7.056517689438214e-33
4791906575038635.0,1.2120056164913685e-32
4801104092457136.0,3.551397452831684e-33
4810301609875636.0,1.7768538051885805e-32
4819499127294136.0,1.2249999065090317e-32
4828696644712636.0,2.0508119550089984e-32
4837894162131137.0,1.1129477084433526e-32
4847091679549637.0,7.259446007756636e-33
4856289196968137.0,9.769484537267955e-34
4865486714386637.0,2.2362263110190674e-33
4874684231805138.0,4.631203826189122e-32
4883881749223638.0,9.396656896814958e-32
4893079266642138.0,8.673921154004262e-32
4902276784060638.0,9.010851664933235e-33
4911474301479139.0,1.8744515710231712e-32
4920671818897639.0,1.9175314971336227e-32
4929869336316139.0,1.243562944883901e-31
4939066853734639.0,5.342904368251783e-32
4948264371153140.0,2.2316261947601393e-32
4957461888571640.0,4.350256793972841e-32
4966659405990140.0,1.0932740821108519e-32
4975856923408641.0,1.539569628624739e-32
4985054440827141.0,2.372485707542935e-32
4994251958245641.0,2.792333392122349e-32
5003449475664141.0,3.782998143977414e-32
5012646993082642.0,2.7026206298610315e-32
5021844510501142.0,2.1603209188356596e-32
5031042027919642.0,2.707379120699327e-32
5040239545338142.0,1.9386372368928315e-32
5049437062756643.0,2.2172804398758783e-32
5058634580175143.0,3.861493266009128e-32
5067832097593643.0,5.723840296347826e-32
5077029615012143.0,7.816145072974277e-33
5086227132430644.0,2.698788114265729e-33
5095424649849144.0,9.969628621102354e-33
5104622167267644.0,5.638207973578122e-32
5113819684686144.0,5.285941878951645e-32
5123017202104645.0,1.5824341571321628e-32
5132214719523145.0,6.27522881389106e-33
5141412236941645.0,8.610871105860149e-33
5150609754360145.0,1.2982362330736785e-32
5159807271778646.0,4.464086246585339e-32
5169004789197146.0,1.8545515105951911e-32
5178202306615646.0,8.719042121295642e-32
5187399824034147.0,2.7586042012231425e-32
5196597341452647.0,8.369879109847284e-32
5205794858871147.0,7.09878384078213e-32
5214992376289647.0,5.715805398664532e-32
5224189893708148.0,6.203916208334603e-32
5233387411126648.0,2.6795062409425664e-32
5242584928545148.0,6.250257323290902e-33
5251782445963648.0,3.626333466875215e-32
5260979963382149.0,8.100650487881659e-33
5270177480800649.0,1.94424978464423e-32
5279374998219149.0,5.272826765742785e-32
5288572515637649.0,4.0122370288583956e-32
5297770033056150.0,6.374916015364968e-32
5306967550474650.0,1.5988007132312647e-31
5316165067893150.0,3.6802347788073357e-32
5325362585311650.0,2.5441032467337647e-32
5334560102730151.0,3.933525112113393e-33
5343757620148651.0,2.6075069219846373e-32
5352955137567151.0,2.9743284901128592e-33
5362152654985651.0,6.117616694298561e-32
5371350172404152.0,6.489915510374459e-32
5380547689822652.0,4.3992588786816104e-32
5389745207241152.0,7.457449537066977e-32
5398942724659652.0,1.8749617871360896e-32
5408140242078153.0,3.009375783525465e-32
5417337759496653.0,9.760119146847279e-32
5426535276915153.0,1.4336170978920338e-32
5435732794333654.0,9.703788578420637e-33
5444930311752154.0,6.831894181145326e-32
5454127829170654.0,2.6849000033317685e-32
5463325346589154.0,1.8987684400429003e-32
5472522864007655.0,1.360274664993418e-31
5481720381426155.0,9.505574299017065e-32
5490917898844655.0,1.1594890446650132e-31
5500115416263155.0,3.3506325546666567e-32
5509312933681656.0,2.8244977425565127e-31
5518510451100156.0,8.857411697774697e-32
5527707968518656.0,3.092078896738085e-32
5536905485937156.0,1.5676441821042901e-31
5546103003355657.0,7.393425091338353e-32
5555300520774157.0,1.1695370276131074e-31
5564498038192657.0,1.4963285780923084e-31
5573695555611157.0,2.658219008020347e-32
5582893073029658.0,2.435633454626478e-31
5592090590448158.0,1.5495785441718449e-31
5601288107866658.0,1.806741390592472e-31
5610485625285158.0,2.3644938484910874e-31
5619683142703659.0,1.8262336379147148e-31
5628880660122159.0,4.499191515760018e-31
5638078177540659.0,1.5764288580092214e-31
5647275694959159.0,6.354641689007032e-31
5656473212377660.0,3.246940668373655e-31
5665670729796160.0,9.252934693667872e-31
5674868247214660.0,4.564207131709116e-31
5684065764633161.0,8.32363838508304e-31
5693263282051661.0,5.6274505247639985e-31
5702460799470161.0,1.2827858317229345e-30
5711658316888661.0,6.949462233805227e-31
5720855834307162.0,8.511677387709985e-31
5730053351725662.0,1.0091988734449623e-30
5739250869144162.0,9.999807892877414e-31
5748448386562662.0,1.3382905347597599e-30
5757645903981163.0,2.064679721413352e-30
5766843421399663.0,2.223260792426932e-30
5776040938818163.0,1.8731877406390293e-30
5785238456236663.0,2.0321340552884715e-30
5794435973655164.0,2.5895342847481754e-30
5803633491073664.0,3.1114858933344737e-30
5812831008492164.0,2.5765853359181695e-30
5822028525910664.0,3.173439459471436e-30
5831226043329165.0,3.870752308983469e-30
5840423560747665.0,4.6552452515219016e-30
5849621078166165.0,5.0602347894761264e-30
5858818595584665.0,5.432149491412856e-30
5868016113003166.0,5.987130148368234e-30
5877213630421666.0,6.448973033875017e-30
5886411147840166.0,7.773106048280419e-30
5895608665258667.0,7.752999475092871e-30
5904806182677167.0,1.0846749299460966e-29
5914003700095667.0,1.179052203323512e-29
5923201217514167.0,1.069915145207251e-29
5932398734932668.0,1.1426107945360597e-29
5941596252351168.0,1.475482867778595e-29
5950793769769668.0,1.5209482433647207e-29
5959991287188168.0,1.5963728897335676e-29
5969188804606669.0,2.1828854753766726e-29
5978386322025169.0,2.0315096126601294e-29
5987583839443669.0,2.713209195996602e-29
5996781356862169.0,2.529665469941568e-29
6005978874280670.0,2.968540480833084e-29
6015176391699170.0,3.317884569462838e-29
6024373909117670.0,3.9062521782124076e-29
6033571426536170.0,3.931647827414511e-29
6042768943954671.0,4.812986022273681e-29
6051966461373171.0,5.232802356246079e-29
6061163978791671.0,5.268010596242044e-29
6070361496210171.0,6.344512397682537e-29
6079559013628672.0,6.201219362725746e-29
6088756531047172.0,6.807862363863798e-29
6097954048465672.0,9.366919518462542e-29
6107151565884172.0,7.957199224775298e-29
6116349083302673.0,1.0187630267668025e-28
6125546600721173.0,1.205256604696976e-28
6134744118139673.0,1.0725255895701072e-28
6143941635558174.0,1.350410254313885e-28
6153139152976674.0,1.5815006509953257e-28
6162336670395174.0,1.4029121508859758e-28
6171534187813674.0,1.8677964063573686e-28
6180731705232175.0,1.9854937848899984e-28
6189929222650675.0,1.8828279861419213e-28
6199126740069175.0,2.5868342645625104e-28
6208324257487675.0,2.5716122119154793e-28
6217521774906176.0,2.600817740093709e-28
6226719292324676.0,3.5027648105654448e-28
6235916809743176.0,3.282709220072887e-28
6245114327161676.0,3.59272342316204e-28
6254311844580177.0,4.919597528193237e-28
6263509361998677.0,4.087530585298273e-28
6272706879417177.0,5.093346888217749e-28
6281904396835677.0,6.304662226782069e-28
6291101914254178.0,5.234870933020299e-28
6300299431672678.0,7.386233424320354e-28
6309496949091178.0,8.155486980545388e-28
6318694466509678.0,7.075256799825745e-28
6327891983928179.0,1.0489127802694906e-27
6337089501346679.0,1.0157165319113118e-27
6346287018765179.0,9.754708802879338e-28
6355484536183679.0,1.4182476495210589e-27
6364682053602180.0,1.261980228475838e-27
6373879571020680.0,1.3674830213342388e-27
6383077088439180.0,1.9347419616525533e-27
6392274605857681.0,1.4766592671851601e-27
6401472123276181.0,1.9939174243331402e-27
6410669640694681.0,2.405625228048364e-27
6419867158113181.0,1.835519908118329e-27
6429064675531682.0,2.7694495847796845e-27
6438262192950182.0,2.8799846713748116e-27
6447459710368682.0,2.296876713393447e-27
6456657227787182.0,3.747772525357945e-27
6465854745205683.0,3.1544721060284255e-27
6475052262624183.0,3.004607180091242e-27
6484249780042683.0,4.700134107440388e-27
6493447297461183.0,3.5353350073427324e-27
6502644814879684.0,4.231266605917304e-27
6511842332298184.0,5.700672391144621e-27
6521039849716684.0,3.7957369247065774e-27
6530237367135184.0,5.352648483294458e-27
6539434884553685.0,6.70975268386891e-27
6548632401972185.0,4.0850587168808925e-27
6557829919390685.0,9.313988440804734e-27
6567027436809185.0,6.928343243125688e-27
6576224954227686.0,8.282807016374478e-27
6585422471646186.0,8.159678418900632e-27
6594619989064686.0,1.2661994875828708e-26
6603817506483187.0,4.251839867157655e-27
6613015023901687.0,2.805760650148203e-26
6622212541320187.0,5.907900276611962e-27
6631410058738687.0,3.643904316682624e-26
6640607576157188.0,8.170853908907102e-27
6649805093575688.0,4.8650681158828474e-26
6659002610994188.0,9.482915548589672e-28
6668200128412688.0,9.401196782911393e-26
6677397645831189.0,1.5538339821605967e-27
6686595163249689.0,1.2533370090694971e-25
6695792680668189.0,1.0148951002446917e-27
6704990198086689.0,1.3925273025537886e-25
6714187715505190.0,1.9563707702421247e-26
6723385232923690.0,1.5399641793755744e-25
6732582750342190.0,6.19467918915279e-26
6741780267760690.0,1.5759980651863674e-25
6750977785179191.0,9.527172888880344e-26
6760175302597691.0,9.116563926944069e-26
6769372820016191.0,3.719769834857416e-25
6778570337434691.0,9.489988528281946e-26
6787767854853192.0,6.224657568560948e-25
6796965372271692.0,1.5010043431299792e-25
6806162889690192.0,8.577562097795833e-25
6815360407108692.0,8.375064193684444e-25
6824557924527193.0,2.351555443043692e-24
6833755441945693.0,2.7644671160306564e-24
6842952959364193.0,3.0754817083092027e-24
6852150476782694.0,3.254125232260731e-24
6861347994201194.0,6.197760077708301e-24
6870545511619694.0,1.064790706584369e-23
6879743029038194.0,1.6106041899379727e-23
6888940546456695.0,1.899453611130503e-23
6898138063875195.0,1.475734262450766e-23
6907335581293695.0,1.7036705800640167e-23
6916533098712195.0,2.5918534764954063e-23
6925730616130696.0,4.1847858144760595e-23
6934928133549196.0,4.010675815017168e-23
6944125650967696.0,4.5959175013465164e-23
6953323168386196.0,1.3121674454325271e-23
6962520685804697.0,2.0494730361659656e-23
6971718203223197.0,2.693908169618518e-23
6980915720641697.0,4.5574549098939164e-23
6990113238060197.0,2.7447573701547466e-23
6999310755478698.0,2.5182777806511006e-23
7008508272897198.0,2.85437383120979e-25
7017705790315698.0,3.584056470420556e-23
7026903307734198.0,3.774720410553783e-23
7036100825152699.0,5.303731718160524e-23
7045298342571199.0,9.582383423183622e-23
7054495859989699.0,3.584637770010213e-23
7063693377408200.0,1.8243804491296608e-24
7072890894826700.0,5.056699728296158e-23
7082088412245200.0,1.3905727091005977e-23
7091285929663700.0,5.103100774217207e-23
7100483447082201.0,1.155809879526905e-22
7109680964500701.0,4.039899718897991e-23
7118878481919201.0,4.958004845254818e-23
7128075999337701.0,1.7417701074730723e-22
7137273516756202.0,3.3728497923186525e-23
7146471034174702.0,1.6385636807842268e-22
7155668551593202.0,2.9543916824378564e-22
7164866069011702.0,1.6777605895302566e-23
7174063586430203.0,1.6101599693138703e-22
7183261103848703.0,1.7502106757882368e-22
7192458621267203.0,5.846826133231291e-23
7201656138685703.0,4.5468379409714227e-23
7210853656104204.0,1.6043894018317188e-22
7220051173522704.0,8.895661883163895e-24
7229248690941204.0,5.498193185613302e-23
7238446208359704.0,9.140304266771675e-23
7247643725778205.0,5.633073949477272e-23
7256841243196705.0,1.0560584137404144e-23
7266038760615205.0,1.117935453479611e-23
7275236278033705.0,1.8787921668173532e-24
7284433795452206.0,1.5805122783671023e-24
7293631312870706.0,9.033515096369225e-25
7302828830289206.0,2.9199987526738104e-25
7312026347707707.0,1.680036513077209e-25
7321223865126207.0,1.0410998913095178e-24
7330421382544707.0,2.672751597918877e-25
7339618899963207.0,1.4831712967385102e-24
7348816417381708.0,2.4372991208038143e-24
7358013934800208.0,3.4914735791348756e-24
7367211452218708.0,1.1154598699142422e-24
7376408969637208.0,2.1460685213268305e-24
7385606487055709.0,1.5052643010327174e-24
7394804004474209.0,2.108278202376391e-24
7404001521892709.0,1.6722387373429656e-24
7413199039311209.0,1.2272504326663512e-24
7422396556729710.0,4.996878336767009e-25
7431594074148210.0,4.280923717185097e-25
7440791591566710.0,5.38746338813376e-25
7449989108985210.0,4.1100506567582226e-25
7459186626403711.0,3.9690339214738056e-25
7468384143822211.0,1.386073915106054e-25
7477581661240711.0,1.1530366112146989e-25
7486779178659211.0,3.9544459663144527e-26
7495976696077712.0,6.553102089703206e-26
7505174213496212.0,1.8147655134418333e-26
7514371730914712.0,1.767962890793726e-26
7523569248333212.0,1.03272901541918e-27
7532766765751713.0,8.111687356148994e-27
7541964283170213.0,1.9307732993179475e-27
7551161800588713.0,8.043775706187749e-27
7560359318007214.0,4.338708162285789e-27
7569556835425714.0,2.2465079041650292e-27
7578754352844214.0,3.928877515434341e-27
7587951870262714.0,2.246038494328462e-27
7597149387681215.0,9.43295094806703e-28
7606346905099715.0,5.318536294106952e-27
7615544422518215.0,2.795907857030043e-28
7624741939936715.0,3.033702997310839e-27
7633939457355216.0,1.611600886554856e-27
7643136974773716.0,9.842033538101098e-29
7652334492192216.0,1.0641688306787049e-27
7661532009610716.0,7.582936047248636e-28
7670729527029217.0,1.8828303021041222e-31
7679927044447717.0,1.2663928099657287e-27
7689124561866217.0,7.237888309846153e-28
7698322079284717.0,2.352877137701979e-28
7707519596703218.0,1.1773099696494888e-27
7716717114121718.0,1.2816554001433405e-28
7725914631540218.0,3.798292017354699e-28
7735112148958718.0,6.11058885213563e-28
7744309666377219.0,1.3628416574782727e-29
7753507183795719.0,3.873699231036771e-28
7762704701214219.0,3.605611916199895e-28
7771902218632720.0,1.7360681657303307e-29
7781099736051220.0,3.498939718121428e-28
7790297253469720.0,1.292400611097384e-28
7799494770888220.0,5.347114959235805e-29
7808692288306721.0,2.398605286740768e-28
7817889805725221.0,4.0605460980654084e-29
7827087323143721.0,7.843855285743401e-29
7836284840562221.0,1.5307834139425788e-28
7845482357980722.0,1.048049083917622e-29
7854679875399222.0,8.707281970632061e-29
7863877392817722.0,8.74080146867398e-29
7873074910236222.0,6.881353781595408e-30
7882272427654723.0,8.37934959608335e-29
7891469945073223.0,3.957577186220057e-29
7900667462491723.0,1.744408530855389e-29
7909864979910223.0,6.320769528337576e-29
7919062497328724.0,1.2406788923504828e-29
7928260014747224.0,2.3666908393092826e-29
7937457532165724.0,3.842273455534573e-29
7946655049584224.0,4.962897912521661e-30
7955852567002725.0,2.5195792896765757e-29
7965050084421225.0,1.732788218865173e-29
7974247601839725.0,3.502881659083964e-30
7983445119258225.0,2.016287763216912e-29
7992642636676726.0,9.558170460129779e-30
8001840154095226.0,6.711704269394123e-30
8011037671513726.0,1.3787478082893994e-29
8020235188932227.0,4.6872368804203054e-30
8029432706350727.0,7.005901559409981e-30
8038630223769227.0,1.0024608088049373e-29
8047827741187727.0,2.9889305983044455e-30
8057025258606228.0,5.553384468684208e-30
8066222776024728.0,5.862581225077869e-30
8075420293443228.0,1.6841731737590904e-30
8084617810861728.0,6.523679889034858e-30
8093815328280229.0,2.4000768099312162e-30
8103012845698729.0,1.7668323007138244e-30
8112210363117229.0,3.889062427419506e-30
8121407880535729.0,1.5312334267763424e-30
8130605397954230.0,2.3542878315628758e-30
8139802915372730.0,2.3367846874819215e-30
8149000432791230.0,1.0029888779417864e-30
8158197950209730.0,1.7438403273346318e-30
8167395467628231.0,1.896983352583798e-30
8176592985046731.0,4.379960443904185e-31
8185790502465231.0,2.054344647611613e-30
8194988019883731.0,7.21477826304474e-31
8204185537302232.0,5.329889784637185e-31
8213383054720732.0,8.471280805660396e-31
8222580572139232.0,3.53069644800803e-31
8231778089557732.0,2.351464623441233e-31
8240975606976233.0,1.2703080451687616e-30
8250173124394733.0,4.079060751657873e-32
8259370641813233.0,1.0523654346393255e-30
8268568159231734.0,2.4539512827050976e-31
8277765676650234.0,2.7540349984158114e-31
8286963194068734.0,2.7787696931055543e-31
8296160711487234.0,1.621255874572722e-31
8305358228905735.0,9.598966364723625e-32
8314555746324235.0,1.9469583698843997e-31
8323753263742735.0,1.113249382838893e-31
8332950781161235.0,2.4892807799109512e-31
8342148298579736.0,2.629264967594389e-31
8351345815998236.0,4.4092480927732827e-32
8360543333416736.0,4.8481151738390904e-32
8369740850835236.0,4.19879668701276e-31
8378938368253737.0,1.717115961720967e-31
8388135885672237.0,1.36521499070958e-31
8397333403090737.0,8.961648155598569e-32
8406530920509237.0,1.0725942410872074e-31
8415728437927738.0,7.425594209522964e-32
8424925955346238.0,2.8258174953743208e-31
8434123472764738.0,3.642160366896671e-32
8443320990183238.0,2.0538057325000805e-31
8452518507601739.0,4.779650473012767e-32
8461716025020239.0,7.18799533243319e-34
8470913542438739.0,7.346964292319346e-32
8480111059857240.0,1.3898005652844902e-32
8489308577275740.0,1.6171956552388099e-31
8498506094694240.0,8.358414985300334e-32
8507703612112740.0,5.009337660559186e-32
8516901129531241.0,1.6313557152069623e-32
8526098646949741.0,1.288645682659568e-31
8535296164368241.0,6.438285001913072e-34
8544493681786741.0,2.711690330305833e-31
8553691199205242.0,9.445725832252296e-32
8562888716623742.0,7.795299245430474e-32
8572086234042242.0,4.359341241305045e-32
8581283751460742.0,2.9606289177787074e-32
8590481268879243.0,5.947071583621493e-32
8599678786297743.0,8.980238397865766e-32
8608876303716243.0,2.5634303023329562e-33
8618073821134743.0,2.580073450631777e-32
8627271338553244.0,1.7107086285416363e-32
8636468855971744.0,3.6923954305707433e-32
8645666373390244.0,3.281631939304416e-32
8654863890808744.0,3.936735729083062e-32
8664061408227245.0,1.6304390440049301e-31
8673258925645745.0,9.524279054317986e-32
8682456443064245.0,1.589280040959038e-33
8691653960482745.0,3.7650666054352333e-34
8700851477901246.0,7.837052076239752e-32
8710048995319746.0,9.646417376765321e-32
8719246512738246.0,1.49526794403329e-32
8728444030156747.0,6.220052010092889e-32
8737641547575247.0,1.4894078744041695e-32
8746839064993747.0,6.855193164815776e-32
8756036582412247.0,8.050047031833119e-33
8765234099830748.0,7.734026281490969e-33
8774431617249248.0,3.938409379125468e-33
8783629134667748.0,8.487851546700693e-33
8792826652086248.0,2.0804310361222536e-32
8802024169504749.0,5.752188150390845e-33
8811221686923249.0,6.170405330525399e-32
8820419204341749.0,7.983479450533599e-32
8829616721760249.0,2.3013566476273663e-32
8838814239178750.0,8.272452453727917e-33
8848011756597250.0,5.752486782340601e-33
8857209274015750.0,5.179626628420305e-33
8866406791434250.0,1.8208774215675673e-32
8875604308852751.0,9.91098711298835e-32
8884801826271251.0,9.845694217350455e-32
8893999343689751.0,7.188976220882075e-32
8903196861108251.0,5.131236688318685e-32
8912394378526752.0,5.790250781290653e-32
8921591895945252.0,4.0223528731593234e-32
8930789413363752.0,3.857802094541132e-32
8939986930782252.0,5.102432189960967e-32
8949184448200753.0,3.01127035130412e-32
8958381965619253.0,1.4804406633912754e-31
8967579483037753.0,1.382918223960215e-32
8976777000456254.0,1.0769723683831376e-32
8985974517874754.0,3.503638945092637e-33
8995172035293254.0,7.643787674169255e-34
9004369552711754.0,2.156501551672039e-32
9013567070130254.0,5.171720769077369e-32
9022764587548754.0,3.016820950894926e-32
9031962104967256.0,2.4018159033391742e-32
9041159622385756.0,9.484199978150023e-33
9050357139804256.0,6.485391211012424e-32
9059554657222756.0,1.2166667382349743e-31
9068752174641256.0,1.9859387385599697e-31
9077949692059756.0,6.527723599144553e-32
9087147209478256.0,1.0360605097225954e-32
9096344726896756.0,4.002460037208889e-32
9105542244315258.0,1.3455780550023802e-31
9114739761733758.0,2.3988577979656625e-32
9123937279152258.0,1.9697014600504534e-31
9133134796570758.0,1.8104076597936185e-31
9142332313989258.0,7.101556136644497e-33
9151529831407758.0,2.9414214038087375e-32
9160727348826258.0,2.6841458047930183e-32
9169924866244758.0,1.341244615245239e-32
9179122383663260.0,8.50605687276288e-33
9188319901081760.0,3.24334396854995e-32
9197517418500260.0,1.488410290504471e-31
9206714935918760.0,1.992471678524864e-31
9215912453337260.0,1.0090096206590424e-31
9225109970755760.0,4.4644795341823735e-32
9234307488174260.0,6.323165836479229e-32
9243505005592762.0,4.4870736632983457e-32
9252702523011262.0,1.542110373341509e-32
9261900040429762.0,1.534358478470484e-31
9271097557848262.0,1.4538102704925592e-31
9280295075266762.0,2.28047602279484e-32
9289492592685262.0,8.356496416288088e-32
9298690110103762.0,1.1216056100551435e-31
9307887627522262.0,4.1908881429373625e-32
9317085144940764.0,1.9034390145172225e-33
9326282662359264.0,1.8725989942081508e-32
9335480179777764.0,5.2011936912179496e-33
9344677697196264.0,8.576768516931829e-32
9353875214614764.0,2.310389799558453e-31
9363072732033264.0,1.4882565288517968e-31
9372270249451764.0,6.587926117821585e-32
9381467766870264.0,2.4439840941318667e-32
9390665284288766.0,2.5789553297525627e-33
9399862801707266.0,1.1097080953835666e-31
9409060319125766.0,7.515861353218148e-32
9418257836544266.0,6.202454050494263e-32
9427455353962766.0,8.373031342379691e-32
9436652871381266.0,9.479883518762347e-33
9445850388799766.0,1.0275308446337831e-31
9455047906218268.0,5.214737392416241e-32
9464245423636768.0,4.160256046890142e-33
9473442941055268.0,2.270150841997278e-32
9482640458473768.0,4.261076148388422e-32
9491837975892268.0,1.6458933853955183e-32
9501035493310768.0,2.8536387627150013e-32
9510233010729268.0,3.078547310033782e-32
9519430528147768.0,5.5270159538331905e-34
9528628045566270.0,5.6717170568271675e-33
9537825562984770.0,2.2351049486721603e-32
9547023080403270.0,2.7912193128751626e-32
9556220597821770.0,4.84409202247939e-32
9565418115240270.0,4.8592331294485117e-32
9574615632658770.0,6.855012030617543e-32
9583813150077270.0,1.4620378627530984e-31
9593010667495770.0,3.501157173494975e-32
9602208184914272.0,4.516569567026709e-32
9611405702332772.0,3.5420070839966526e-32
9620603219751272.0,8.737251017605753e-33
9629800737169772.0,1.5225900099127604e-33
9638998254588272.0,8.37156754660672e-32
9648195772006772.0,9.769381172577961e-32
9657393289425272.0,2.0137409736871256e-32
9666590806843774.0,1.43653637157684e-32
9675788324262274.0,8.269073597453616e-35
9684985841680774.0,1.7441440048473405e-32
9694183359099274.0,5.027791433503361e-32
9703380876517774.0,1.7583939239591433e-32
9712578393936274.0,4.407204041401029e-32
9721775911354774.0,1.65848242745437e-32
9730973428773274.0,1.3212130138490336e-31
9740170946191776.0,1.5122789950939218e-31
9749368463610276.0,5.150048189103264e-32
9758565981028776.0,5.2251622159698344e-33
9767763498447276.0,1.4032978326484823e-33
9776961015865776.0,5.3064319754428566e-34
9786158533284276.0,5.376065373896811e-32
9795356050702776.0,1.4849256273734755e-31
9804553568121276.0,1.0607311613720772e-31
9813751085539778.0,1.680107471549495e-32
9822948602958278.0,1.4991662159962868e-32
9832146120376778.0,1.6080400071775693e-32
9841343637795278.0,5.112852510463938e-32
9850541155213778.0,1.1581789057863943e-32
9859738672632278.0,1.3101232545656447e-31
9868936190050778.0,7.47450851324407e-34
9878133707469278.0,2.076275522163312e-31
9887331224887780.0,4.774172702189466e-32
9896528742306280.0,4.7847203291601473e-32
9905726259724780.0,1.3954608107005469e-32
9914923777143280.0,6.277010377535624e-32
9924121294561780.0,3.2287984682269426e-32
9933318811980280.0,8.959881855442246e-32
9942516329398780.0,2.8761057158394014e-31
9951713846817282.0,1.2135300649459041e-31
9960911364235782.0,1.004510650905487e-32
9970108881654282.0,7.717967279574932e-32
9979306399072782.0,1.9546682176697904e-32
9988503916491282.0,1.0642080425923633e-32
9997701433909782.0,2.914628395917736e-32
1.0006898951328282e+16,4.636890501096867e-33
1.0016096468746782e+16,2.4441852168482318e-32
1.0025293986165284e+16,6.264945052633189e-32
1.0034491503583784e+16,2.345998912445112e-31
1.0043689021002284e+16,1.4962752559399622e-31
1.0052886538420784e+16,7.926308878913361e-32
1.0062084055839284e+16,9.846727793635468e-32
1.0071281573257784e+16,1.5365252071598138e-31
1.0080479090676284e+16,9.621801693698264e-34
1.0089676608094784e+16,1.60463837478691e-31
1.0098874125513286e+16,3.7727991617533977e-32
1.0108071642931786e+16,3.388023537848843e-32
1.0117269160350286e+16,3.1990302058129625e-32
1.0126466677768786e+16,4.263125936523975e-32
1.0135664195187286e+16,6.667634854712173e-32
1.0144861712605786e+16,3.099797235913076e-32
1.0154059230024286e+16,1.7272094076981937e-32
1.0163256747442788e+16,5.030614031912545e-32
1.0172454264861288e+16,7.832150987407355e-32
1.0181651782279788e+16,5.10189838746535e-32
1.0190849299698288e+16,2.5642760860271737e-32
1.0200046817116788e+16,2.364816615084011e-32
1.0209244334535288e+16,3.183165323932925e-32
1.0218441851953788e+16,1.3273395739128836e-32
1.0227639369372288e+16,7.775109593495072e-32
1.023683688679079e+16,5.095090105841204e-32
1.024603440420929e+16,9.877446674188203e-33
1.025523192162779e+16,9.364723017089026e-32
1.026442943904629e+16,7.565597931249243e-32
1.027362695646479e+16,2.2368079944779705e-32
1.028282447388329e+16,1.4624735768398634e-32
1.029202199130179e+16,7.077603753960079e-32
1.030121950872029e+16,1.576783430056298e-31
1.0310417026138792e+16,1.4338398411895024e-31
1.0319614543557292e+16,5.557298728259057e-32
1.0328812060975792e+16,4.4102296188920315e-32
1.0338009578394292e+16,2.6100442823597865e-31
1.0347207095812792e+16,2.79253065181327e-31
1.0356404613231292e+16,9.20666547361333e-32
1.0365602130649792e+16,2.6091749761781465e-32
1.0374799648068294e+16,7.665889487522169e-32
1.0383997165486794e+16,6.954463496362651e-32
1.0393194682905294e+16,4.384500018794807e-33
1.0402392200323794e+16,3.390274476104275e-32
1.0411589717742294e+16,3.940219288961023e-32
1.0420787235160794e+16,4.401358279948373e-36
1.0429984752579294e+16,4.036847880903813e-32
1.0439182269997794e+16,6.977683996540034e-32
1.0448379787416296e+16,7.809818623824249e-32
1.0457577304834796e+16,5.796575147633653e-32
1.0466774822253296e+16,1.3583771250481774e-32
1.0475972339671796e+16,8.569078003829372e-33
1.0485169857090296e+16,5.868859429374321e-32
1.0494367374508796e+16,1.104342996623149e-31
1.0503564891927296e+16,1.1511560079271981e-31
1.0512762409345796e+16,3.818054340440327e-32
1.0521959926764298e+16,1.409004321970216e-32
1.0531157444182798e+16,3.478280121602824e-32
1.0540354961601298e+16,3.1123056932583594e-32
1.0549552479019798e+16,9.751941447553766e-33
1.0558749996438298e+16,8.632676599342481e-32
1.0567947513856798e+16,1.5380993415101423e-31
1.0577145031275298e+16,3.572071674424737e-32
1.0586342548693798e+16,8.469286722858313e-33
1.05955400661123e+16,7.373297547625764e-32
1.06047375835308e+16,1.0383798783936607e-31
1.06139351009493e+16,1.1189588195974753e-33
1.06231326183678e+16,1.4526371735184672e-31
1.06323301357863e+16,1.6049154022249982e-31
1.06415276532048e+16,7.40611749696483e-32
1.06507251706233e+16,3.305031503097591e-32
1.0659922688041802e+16,6.370475322870981e-32
1.0669120205460302e+16,5.668326146510392e-32
1.0678317722878802e+16,8.93002363060905e-33
1.0687515240297302e+16,1.396585802869436e-35
1.0696712757715802e+16,2.703974710011317e-32
1.0705910275134302e+16,5.764889136410023e-32
1.0715107792552802e+16,7.428499592403336e-32
1.0724305309971302e+16,1.9241949004613834e-32
1.0733502827389804e+16,2.403141591281751e-32
1.0742700344808304e+16,4.917905524335711e-32
1.0751897862226804e+16,2.7026822203219596e-32
1.0761095379645304e+16,2.3323176589041098e-32
1.0770292897063804e+16,5.334361616381874e-32
1.0779490414482304e+16,8.022539801722167e-32
1.0788687931900804e+16,1.1489322103704503e-31
1.0797885449319304e+16,8.057503690007395e-32
1.0807082966737806e+16,1.3473452711341875e-31
1.0816280484156306e+16,6.938968767030628e-32
1.0825478001574806e+16,5.154510509972315e-32
1.0834675518993306e+16,2.150903203727279e-32
1.0843873036411806e+16,2.749342985320908e-32
1.0853070553830306e+16,3.364438507489263e-33
1.0862268071248806e+16,4.91839571568077e-32
1.0871465588667308e+16,1.7505235326951793e-31
1.0880663106085808e+16,7.240534300291375e-32
1.0889860623504308e+16,1.3587514045405188e-31
1.0899058140922808e+16,1.7327693036749361e-31
1.0908255658341308e+16,3.753340876327139e-33
1.0917453175759808e+16,2.621672426925943e-32
1.0926650693178308e+16,1.811861772955193e-32
1.0935848210596808e+16,1.316420834277354e-32
1.094504572801531e+16,1.500860600689277e-32
1.095424324543381e+16,7.314635392039065e-32
1.096344076285231e+16,4.030727869322237e-32
1.097263828027081e+16,5.089171468383568e-33
1.098183579768931e+16,2.2388759356839598e-33
1.099103331510781e+16,1.882165715464448e-32
1.100023083252631e+16,2.465157544299412e-32
1.100942834994481e+16,6.904529522968395e-32
1.1018625867363312e+16,9.009416621348051e-33
1.1027823384781812e+16,2.4984298149651656e-32
1.1037020902200312e+16,1.6994452070093257e-32
1.1046218419618812e+16,8.939094476251281e-32
1.1055415937037312e+16,1.2646126003404359e-31
1.1064613454455812e+16,1.497800964326505e-31
1.1073810971874312e+16,6.638462008047244e-32
1.1083008489292814e+16,2.8649348868390134e-32
1.1092206006711314e+16,2.461081725714422e-32
1.1101403524129814e+16,3.094120532346108e-32
1.1110601041548314e+16,1.9691105834917887e-32
1.1119798558966814e+16,1.9372449850297406e-31
1.1128996076385314e+16,1.445146325309828e-31
1.1138193593803814e+16,6.993891388880445e-32
1.1147391111222314e+16,5.591474477957079e-32
1.1156588628640816e+16,1.4418994508856122e-32
1.1165786146059316e+16,1.6706614710111863e-32
1.1174983663477816e+16,3.9672379710970774e-33
1.1184181180896316e+16,3.9362446359355217e-32
1.1193378698314816e+16,8.865522903758456e-32
1.1202576215733316e+16,4.13608944409861e-32
1.1211773733151816e+16,1.443782440528397e-31
1.1220971250570316e+16,5.670985414239479e-32
1.1230168767988818e+16,2.181498593736335e-31
1.1239366285407318e+16,4.390843388780313e-31
1.1248563802825818e+16,7.240024397540782e-31
1.1257761320244318e+16,1.6894587030210693e-31
1.1266958837662818e+16,4.036397402525226e-31
1.1276156355081318e+16,5.427499631784966e-31
1.1285353872499818e+16,1.404299681448828e-30
1.1294551389918318e+16,5.360404945930575e-31
1.130374890733682e+16,8.14205385482011e-31
1.131294642475532e+16,8.289010177094798e-31
1.132214394217382e+16,2.1819241074493194e-30
1.133134145959232e+16,1.2900190698296286e-30
1.134053897701082e+16,1.319833979870002e-30
1.134973649442932e+16,1.7845804153691407e-30
1.135893401184782e+16,2.951384047280333e-30
1.1368131529266322e+16,3.21646683186545e-30
1.1377329046684822e+16,2.7509123291806467e-30
1.1386526564103322e+16,3.8059820827148266e-30
1.1395724081521822e+16,3.1300428123892572e-30
1.1404921598940322e+16,5.515971101710464e-30
1.1414119116358822e+16,4.0958316520258084e-30
1.1423316633777322e+16,9.077459604705216e-30
1.1432514151195822e+16,9.321533986686529e-30
1.1441711668614324e+16,1.7077227093110576e-29
1.1450909186032824e+16,1.8210762131602433e-29
1.1460106703451324e+16,2.3794096893723914e-29
1.1469304220869824e+16,2.2536531448021652e-29
1.1478501738288324e+16,2.619918414984649e-29
1.1487699255706824e+16,3.4369708803486875e-29
1.1496896773125324e+16,5.0128178211437753e-29
1.1506094290543824e+16,7.257937035364929e-29
1.1515291807962326e+16,7.016636858796123e-29
1.1524489325380826e+16,7.942165747104327e-29
1.1533686842799326e+16,8.251121187345039e-29
1.1542884360217826e+16,1.2861864126733403e-28
1.1552081877636326e+16,1.5027687677652762e-28
1.1561279395054826e+16,1.8144982134272088e-28
1.1570476912473326e+16,1.4415408391989341e-28
1.1579674429891828e+16,1.5050288743469422e-28
1.1588871947310328e+16,1.5748852253859272e-28
1.1598069464728828e+16,2.616419102021345e-28
1.1607266982147328e+16,3.052846417905062e-28
1.1616464499565828e+16,2.8981714578064165e-28
1.1625662016984328e+16,2.1359612309242537e-28
1.1634859534402828e+16,2.540360615798071e-28
1.1644057051821328e+16,3.0601031283787743e-28
1.165325456923983e+16,4.917353776176724e-28
1.166245208665833e+16,4.947008386965717e-28
1.167164960407683e+16,3.244646987377716e-28
1.168084712149533e+16,2.211265966305973e-28
1.169004463891383e+16,2.730031046361105e-28
1.169924215633233e+16,4.0884702272164745e-28
1.170843967375083e+16,6.400788839555594e-28
1.171763719116933e+16,3.940459061383719e-28
1.1726834708587832e+16,1.488491740444823e-28
1.1736032226006332e+16,1.8477267649426364e-28
1.1745229743424832e+16,1.4104267165313502e-28
1.1754427260843332e+16,3.8472786086075026e-28
1.1763624778261832e+16,5.514332876747259e-28
1.1772822295680332e+16,2.141652260067085e-28
1.1782019813098832e+16,1.0896423633335125e-28
1.1791217330517334e+16,2.033145389463834e-28
1.1800414847935834e+16,9.113925770278729e-29
1.1809612365354334e+16,6.9718994264753345e-28
1.1818809882772834e+16,5.036678844243261e-28
1.1828007400191334e+16,3.803439485346135e-29
1.1837204917609834e+16,3.489375678185506e-28
1.1846402435028334e+16,1.5045159813696836e-28
1.1855599952446834e+16,2.8655526956321754e-28
1.1864797469865336e+16,1.2504609371232494e-27
1.1873994987283836e+16,4.840214723884706e-28
1.1883192504702336e+16,4.533210208727568e-29
1.1892390022120836e+16,3.350471288195503e-28
1.1901587539539336e+16,1.1819375650339768e-29
1.1910785056957836e+16,5.01660664280117e-28
1.1919982574376336e+16,1.0022136292891736e-27
1.1929180091794836e+16,1.9021643350361454e-28
1.1938377609213338e+16,1.5113927663066289e-28
1.1947575126631838e+16,5.199613129328979e-28
1.1956772644050338e+16,1.927532870942001e-28
1.1965970161468838e+16,7.843645848200328e-29
1.1975167678887338e+16,6.302747189119278e-28
1.1984365196305838e+16,2.17083065441547e-28
1.1993562713724338e+16,6.862623638823752e-29
1.2002760231142838e+16,3.304526565482638e-28
1.201195774856134e+16,2.012602983148937e-28
1.202115526597984e+16,5.312942528263023e-29
1.203035278339834e+16,2.9737556529048835e-28
1.203955030081684e+16,2.2771230299832533e-28
1.204874781823534e+16,2.770808634023971e-29
1.205794533565384e+16,1.4626088897778422e-28
1.206714285307234e+16,1.7849521155254943e-28
1.2076340370490842e+16,8.988304277620776e-29
1.2085537887909342e+16,1.0465397323344514e-28
1.2094735405327842e+16,6.90692868834527e-29
1.2103932922746342e+16,3.3550597237343316e-29
1.2113130440164842e+16,4.03571827267204e-29
1.2122327957583342e+16,5.095734287959289e-29
1.2131525475001842e+16,3.2380493764916795e-29
1.2140722992420342e+16,2.374184381270398e-29
1.2149920509838844e+16,8.788455003694178e-30
1.2159118027257344e+16,9.34458632115753e-30
1.2168315544675844e+16,8.691375704854788e-30
1.2177513062094344e+16,1.0369698400029688e-29
1.2186710579512844e+16,6.217500079944496e-30
1.2195908096931344e+16,6.851534551979876e-30
1.2205105614349844e+16,2.4048751886091444e-30
1.2214303131768344e+16,2.6011231416339004e-30
1.2223500649186846e+16,2.525351180326883e-30
1.2232698166605346e+16,4.005157929188726e-30
1.2241895684023846e+16,2.0759935772112314e-30
1.2251093201442346e+16,1.7671019482226803e-30
1.2260290718860846e+16,7.937870986648475e-31
1.2269488236279346e+16,1.195344216834778e-30
1.2278685753697846e+16,9.257528508856137e-31
1.2287883271116348e+16,1.2163210522932088e-30
1.2297080788534848e+16,7.665993054119361e-31
1.2306278305953348e+16,7.687088633827233e-31
1.2315475823371848e+16,4.424881303938812e-31
1.2324673340790348e+16,5.896612844973812e-31
1.2333870858208848e+16,6.9684946868289715e-31
1.2343068375627348e+16,5.13917049194695e-31
1.2352265893045848e+16,3.44029165112936e-31
1.236146341046435e+16,3.010492631492151e-31
1.237066092788285e+16,3.1125311312502426e-31
1.237985844530135e+16,5.654502699871404e-32
1.238905596271985e+16,1.3207135554827058e-32
1.239825348013835e+16,4.8466375337071324e-32
1.240745099755685e+16,9.316427458915307e-32
1.241664851497535e+16,5.169083039169496e-32
1.242584603239385e+16,4.4359968711206076e-32
1.2435043549812352e+16,8.433116718414968e-33
1.2444241067230852e+16,1.3190746203275572e-32
1.2453438584649352e+16,1.6058284633843986e-32
1.2462636102067852e+16,5.73833053404609e-32
1.2471833619486352e+16,1.968865979864147e-31
1.2481031136904852e+16,4.5444950152457105e-31
1.2490228654323352e+16,3.8434565481479757e-31
1.2499426171741854e+16,1.7479728290760529e-31
1.2508623689160354e+16,1.2669737675327255e-31
1.2517821206578854e+16,2.0306084877873847e-31
1.2527018723997354e+16,7.880848136821045e-32
1.2536216241415854e+16,6.932602639565866e-32
1.2545413758834354e+16,6.50149476509079e-32
1.2554611276252854e+16,5.704374564694876e-33
1.2563808793671354e+16,6.087586855668387e-32
1.2573006311089856e+16,1.2593019618168781e-31
1.2582203828508356e+16,4.6372048506880966e-32
1.2591401345926856e+16,8.108102259532348e-33
1.2600598863345356e+16,1.3264272858626802e-32
1.2609796380763856e+16,5.234430068195016e-32
1.2618993898182356e+16,7.479604724424273e-32
1.2628191415600856e+16,7.542663700506708e-32
1.2637388933019356e+16,1.345650926014278e-31
1.2646586450437858e+16,1.6407530860446688e-31
1.2655783967856358e+16,1.301910154547451e-31
1.2664981485274858e+16,5.46896244314089e-32
1.2674179002693358e+16,9.809948472976845e-33
1.2683376520111858e+16,4.8847864058018067e-32
1.2692574037530358e+16,6.61328780311251e-32
1.2701771554948858e+16,2.561832097694344e-32
1.2710969072367358e+16,1.0370846866780481e-32
1.272016658978586e+16,4.950825288435157e-33
1.272936410720436e+16,1.2521323799138735e-33
1.273856162462286e+16,4.385389173320635e-33
1.274775914204136e+16,1.3344924886888617e-32
1.275695665945986e+16,1.62059853409267e-32
1.276615417687836e+16,6.361916610563692e-33
1.277535169429686e+16,1.8401907730818132e-33
1.2784549211715362e+16,3.5931429886149046e-33
1.2793746729133862e+16,2.2505937039074466e-33
1.2802944246552362e+16,8.75063282365563e-34
1.2812141763970862e+16,3.809252402411077e-34
1.2821339281389362e+16,1.965400776688705e-34
1.2830536798807862e+16,1.7466206435621895e-34
1.2839734316226362e+16,2.335098578092204e-34
1.2848931833644862e+16,2.4012215124974044e-34
1.2858129351063364e+16,7.094180185822157e-35
1.2867326868481864e+16,7.375473023736895e-35
1.2876524385900364e+16,6.108679380820152e-35
1.2885721903318864e+16,1.4968447363852487e-35
1.2894919420737364e+16,2.9100439972949244e-35
1.2904116938155864e+16,1.4765397958612237e-35
1.2913314455574364e+16,5.524733991934335e-36
1.2922511972992864e+16,1.253915307217477e-35
1.2931709490411366e+16,6.732424657460195e-36
1.2940907007829866e+16,1.060401916275712e-36
1.2950104525248366e+16,5.436892766337207e-36
1.2959302042666866e+16,5.067923687040989e-37
1.2968499560085366e+16,1.2416398763862324e-36
1.2977697077503866e+16,9.036046247938761e-37
1.2986894594922366e+16,3.049408669968044e-38
1.2996092112340868e+16,5.229203011179753e-37
1.3005289629759368e+16,7.35624342476079e-37
1.3014487147177868e+16,1.1509432497883819e-37
1.3023684664596368e+16,1.0993853158984898e-36
1.3032882182014868e+16,4.553763523081763e-39
1.3042079699433368e+16,2.1752205492512374e-37
1.3051277216851868e+16,3.5382370639661954e-37
1.3060474734270368e+16,1.447517776270375e-38
1.306967225168887e+16,2.4047236246498187e-37
1.307886976910737e+16,4.284146873530503e-37
1.308806728652587e+16,1.1124458236523192e-37
1.309726480394437e+16,2.774941936591809e-37
1.310646232136287e+16,6.903265772020917e-38
1.311565983878137e+16,5.243944392211592e-38
1.312485735619987e+16,1.9076138472458517e-37
1.313405487361837e+16,1.0744719786434014e-37
1.3143252391036872e+16,1.5967974014423068e-37
1.3152449908455372e+16,1.5694133990770828e-37
1.3161647425873872e+16,3.034178450558664e-39
1.3170844943292372e+16,1.4621145460086272e-37
1.3180042460710872e+16,9.238869838232733e-38
1.3189239978129372e+16,5.0513830735426e-38
1.3198437495547872e+16,1.5047703352230116e-37
1.3207635012966374e+16,4.5822286160274456e-38
1.3216832530384874e+16,1.6038074985703307e-38
1.3226030047803374e+16,7.256077028510642e-38
1.3235227565221874e+16,2.755288874253528e-38
1.3244425082640374e+16,3.0808248525854357e-38
1.3253622600058874e+16,1.1798270471492348e-37
1.3262820117477374e+16,6.578448891807186e-39
1.3272017634895874e+16,4.04189812730061e-38
1.3281215152314376e+16,9.74773655460611e-39
1.3290412669732876e+16,2.216648559850688e-38
1.3299610187151376e+16,4.055762656582247e-38
1.3308807704569876e+16,4.722072959878416e-38
1.3318005221988376e+16,2.3107184475352743e-38
1.3327202739406876e+16,2.1719001757811971e-38
1.3336400256825376e+16,3.36049251447489e-39
1.3345597774243876e+16,4.2181312672427765e-39
1.3354795291662378e+16,2.9813087707889757e-38
1.3363992809080878e+16,6.414846756880837e-40
1.3373190326499378e+16,7.647031414500819e-39
1.3382387843917878e+16,6.384188175129741e-39
1.3391585361336378e+16,2.114623272389128e-40
1.3400782878754878e+16,5.477023595946913e-40
1.3409980396173378e+16,1.5255004621259688e-38
1.3419177913591878e+16,3.3892412004664756e-39
1.342837543101038e+16,5.815892735822043e-39
1.343757294842888e+16,1.094826839182365e-39
1.344677046584738e+16,5.762358172441449e-40
1.345596798326588e+16,6.7712537353807074e-40
1.346516550068438e+16,7.5930737944552e-39
1.347436301810288e+16,3.63825884451261e-39
1.348356053552138e+16,9.721074518525819e-40
1.3492758052939882e+16,2.0048339962033114e-40
1.3501955570358382e+16,5.265041265255491e-40
1.3511153087776882e+16,1.0509974217088394e-40
1.3520350605195382e+16,3.161796962247395e-40
1.3529548122613882e+16,4.0705433236490606e-41
1.3538745640032382e+16,5.21615107501311e-40
1.3547943157450882e+16,7.861299561661575e-41
1.3557140674869382e+16,1.4275322429565962e-40
1.3566338192287884e+16,4.099024475999903e-41
1.3575535709706384e+16,2.445220529886912e-41
1.3584733227124884e+16,5.792625813988678e-41
1.3593930744543384e+16,4.821323974060502e-41
1.3603128261961884e+16,1.4739635380444648e-41
1.3612325779380384e+16,2.8524251844906583e-42
1.3621523296798884e+16,2.5291790692386806e-42
1.3630720814217384e+16,4.4014558281352516e-42
1.3639918331635886e+16,8.311598437324332e-43
1.3649115849054386e+16,7.142352507727442e-46
1.3658313366472886e+16,4.1315914525057527e-44
1.3667510883891386e+16,4.2462395537769054e-45
1.3676708401309886e+16,2.8463895230158417e-44
1.3685905918728386e+16,1.2486662894165998e-44
1.3695103436146886e+16,1.1173170966173444e-45
1.3704300953565388e+16,1.264719577930599e-46
1.3713498470983888e+16,7.25170439424808e-48
1.3722695988402388e+16,1.0978308266924493e-47
1.3731893505820888e+16,1.162062744180316e-48
1.3741091023239388e+16,2.3407478614108427e-48
1.3750288540657888e+16,2.4727123046544888e-49
1.3759486058076388e+16,1.3210318204219875e-48
1.3768683575494888e+16,5.152268751433394e-49
1.377788109291339e+16,4.636078339034283e-49
1.378707861033189e+16,6.558661636144417e-49
1.379627612775039e+16,1.9465977724310066e-50
1.380547364516889e+16,4.82880916825447e-49
